model number,BC_vars,year,chellman-2017-1.csv,mcconnell-2007-1.csv,osmont-2019-1.csv,barker-2021-1.csv,ming-2008-1.csv,legrand-2023-1.csv,sierra-hern√°ndez-2022-1.csv,eichler-2023-1.csv,osmont-2018-1.csv,zdanowicz-2018-1.csv,sigl-2018-1.csv,wolff-2012-1.csv,mcconnell-2021-1.csv,mcconnell-2021-2.csv,mcconnell-2021-3.csv,mcconnell-2021-4.csv,mcconnell-2021-5.csv,taylor-2011-1.csv,arienzo-2017-1.csv,mcconnell-2017-1.csv,liu-2021-1.csv,liu-2021-2.csv,liu-2021-3.csv,liu-2021-4.csv,liu-2021-5.csv,xu-2009-1.csv,rupple-2014-1.csv,zhang-2024-1.csv,zhang-2024-2.csv,zhang-2024-3.csv,zhang-2024-4.csv,zhang-2024-5.csv,zhang-2024-6.csv,zhang-2024-7.csv,zhang-2024-8.csv,zhang-2024-9.csv,zhang-2024-10.csv,zhang-2024-11.csv,zhang-2024-12.csv,zhang-2024-13.csv,mcconnell-2022-1.csv,matthew-2016-1.csv,kaspari-2020-1.csv
18-h11970-01-01-00000,bc_a1_SRF,1970,1.0069565153242605e-10,4.3273826866502965e-13,3.34598179659134e-13,8.236719165993251e-12,2.615734145831152e-12,6.429611256251457e-13,2.149431960119621e-11,5.887416345283683e-13,1.0047483492153208e-14,4.400043254445372e-14,4.805109588722995e-13,2.947110951996574e-14,4.492565545228611e-15,4.492565545228611e-15,2.2728302067803385e-13,3.6107521375555135e-15,4.2854706663724676e-16,3.637406146211067e-15,2.736976557017146e-13,3.637406146211067e-15,1.4923898121771112e-15,8.419696443199453e-16,1.7348509545838903e-15,2.24348581700515e-16,3.2128486710115467e-16,2.0152455367549858e-11,8.386029653321855e-15,2.947110951996574e-14,1.1110894971284836e-14,1.4718514703678553e-13,3.7328449395989094e-13,6.361497610547702e-13,1.3028278028550285e-13,9.41011532613372e-15,5.986355714072327e-15,7.485316973019967e-15,3.667692147130473e-14,5.530742987323546e-14,7.234156313616758e-14,1.5919160648212124e-11,5.986355714072327e-15,1.033771162904666e-11,6.299645101089503e-12
18-h11975-01-01-00000,bc_a1_SRF,1975,3.177807506784021e-10,4.174896203521924e-13,1.5576741280393628e-12,1.602438693877809e-11,9.198720130817952e-12,2.0007721713467613e-13,4.219778047704982e-12,1.7135267774116793e-13,2.1548910786684627e-15,1.3471971920622822e-13,2.0457196689559178e-13,6.573289451250793e-14,1.0266950373872547e-16,1.0266950373872547e-16,1.277846989726946e-14,1.9604013232380893e-16,1.6592552830262782e-16,6.2257660010386215e-15,2.1427548874139104e-14,6.2257660010386215e-15,6.9270493810179395e-15,2.8785385936076553e-16,1.1693221647357726e-16,6.676502117089308e-17,9.863268723591845e-17,4.6876752452220096e-11,2.809257360086395e-15,6.573289451250793e-14,5.908246959102429e-14,2.702592502965465e-14,3.5302296383793176e-13,5.959957435232982e-13,2.893274848310801e-14,1.0783946576061578e-13,9.731659937978797e-15,2.813191158816217e-14,2.1221586492174311e-13,6.597901077825436e-14,2.2149222081639622e-13,2.941961000114974e-12,9.731659937978797e-15,2.428933844700251e-11,8.31364721373351e-12
18-h11980-01-01-00000,bc_a1_SRF,1980,3.3281425356813153e-10,2.0171628745217077e-13,7.7508597296077e-13,8.999675377613977e-12,7.183378644832498e-12,2.2302427513813536e-13,2.5543409667465295e-12,1.161241925716833e-13,3.450368244207096e-14,1.6610133621058838e-13,1.3962366986071066e-13,2.6749417103055148e-14,2.9642785045881157e-16,2.9642785045881157e-16,1.0263271323428043e-15,4.231386666792178e-17,1.2659620803275233e-16,1.1913732993050965e-14,9.450648356249583e-15,1.1913732993050965e-14,1.8179983073531947e-14,5.580028305574797e-18,2.356121182835207e-17,5.973309911849363e-17,3.3443176541334297e-16,2.0039570808381266e-11,3.6284849443161573e-14,2.6749417103055148e-14,2.0398316527959866e-14,1.6132890178053154e-14,8.752512027748711e-13,8.594244648290081e-13,1.9029606896526983e-14,2.192549823173952e-14,9.8974072459129e-15,1.5245839342528677e-14,1.9112295869099444e-14,1.3305282490875062e-14,6.984104337876098e-13,5.142902815892659e-12,9.8974072459129e-15,4.965354846881172e-12,3.3911827967074274e-11
18-h11985-01-01-00000,bc_a1_SRF,1985,2.9009265502329353e-10,1.886895669162397e-13,2.267727767352134e-12,2.339118206983767e-11,9.622419107288332e-12,4.2271126699598835e-13,1.3250245028768432e-11,1.1133317738170031e-13,1.2055750371175494e-15,3.7566623559150435e-14,1.4048429040587383e-13,2.395966316440745e-14,4.562769145395454e-17,4.562769145395454e-17,1.497090823478122e-14,1.0728114185118253e-15,7.319123094654674e-16,1.2345153815550027e-14,2.151510156399306e-14,1.2345153815550027e-14,1.326450060870615e-14,2.945934533463329e-15,3.939552462889644e-16,9.44226238710178e-16,1.0305240763297027e-16,4.762469711448888e-11,1.602536419687937e-15,2.395966316440745e-14,1.011218858289408e-13,2.361646971777075e-14,6.601769333119174e-13,1.5730286156510601e-12,3.1619906233566353e-14,1.0312117507750381e-13,5.4630254663354105e-15,1.774818594185086e-14,1.0517312494670347e-13,2.611141938649664e-15,1.0879375508304622e-13,2.685008469031342e-11,5.4630254663354105e-15,4.286983874478418e-11,2.005556231259881e-12
18-h11990-01-01-00000,bc_a1_SRF,1990,2.2017398847821765e-10,2.240150018902072e-13,4.2902713425360463e-13,5.700823691268212e-12,5.702834579640743e-12,2.245987661760557e-13,3.2919133775957584e-12,5.200216938038818e-13,6.153384382490782e-14,4.605949761154479e-14,6.872205002202899e-13,2.5226962595224827e-14,8.491530323621278e-15,8.491530323621278e-15,1.8686602134513547e-17,4.663637496825814e-15,2.404525760016358e-15,2.7623489496857938e-14,1.5442084519360732e-16,2.7623489496857938e-14,1.8109282494779834e-14,1.52499585881337e-16,2.5683995681308317e-15,9.719159258280267e-17,1.1384849981912802e-15,4.693726083070766e-11,1.012071899904337e-13,2.5226962595224827e-14,4.668548663144095e-15,1.718615846534701e-15,7.93536524099283e-13,1.6947360620546978e-12,2.075175890864412e-15,1.3969116478865923e-15,5.36798864279075e-15,4.0728541297014634e-15,3.2979985602777173e-14,4.3173009819533644e-13,4.113521394153897e-12,1.0353799062381937e-11,5.36798864279075e-15,5.622290543471788e-11,2.5913762946399194e-12
19-h11970-01-01-00000,bc_a1_SRF,1970,1.8473703545049787e-10,7.735567280389593e-13,3.0544589550585577e-12,4.053144544552739e-12,7.097240563321434e-12,5.100315725626989e-13,7.631003478149655e-12,1.265614863901758e-13,1.2052559279920525e-14,9.696572992675011e-14,3.594646882927623e-13,5.744646104173168e-13,7.121194441729922e-18,7.121194441729922e-18,5.341092214184252e-17,2.887121726490802e-15,1.813506356425494e-15,1.270699811494005e-15,7.487781576107848e-17,1.270699811494005e-15,5.493323675971637e-15,1.5672520681401579e-16,2.2325890548556653e-15,2.6867637954125275e-16,4.929592046797489e-16,1.676097548586581e-11,1.2998883043246152e-14,5.744646104173168e-13,8.493892043986664e-13,4.121110492790922e-14,7.016854739031971e-13,6.050646129410607e-13,6.52174153541471e-14,6.683230706756854e-13,1.827514047876977e-14,7.632306912276043e-15,2.0486055804117823e-12,4.253887930897089e-15,6.505817699510377e-12,1.5030198046421948e-11,1.827514047876977e-14,6.615280123507922e-11,1.372973324718893e-13
19-h11975-01-01-00000,bc_a1_SRF,1975,2.999065361071889e-11,8.304586748609977e-13,2.8396131019720156e-12,1.0498402949605478e-11,5.764770766916995e-12,3.05325506829974e-13,1.41219410845869e-11,6.222299473451488e-13,3.5350327511485934e-13,9.191135504463803e-16,4.779526661382398e-13,3.089460352446165e-13,7.326945907989345e-15,7.326945907989345e-15,4.326777936502292e-17,4.174189028886165e-15,8.162324983743635e-16,1.2963630245373464e-14,3.1642348178423797e-17,1.2963630245373464e-14,1.730668309244713e-14,6.276256717441482e-16,7.971566218949403e-16,5.304101566096719e-16,1.204912042195597e-15,1.8246756306096253e-11,3.5651125734337367e-13,3.089460352446165e-13,5.415631025705304e-13,6.822732431939589e-14,1.8769424587782697e-12,1.1177035170215928e-12,9.078299472854499e-14,4.783465493311703e-14,1.1876129420478061e-13,1.3267483272811369e-13,2.014339690635085e-12,2.5928302444778376e-14,2.8666625034803197e-12,9.724036855296588e-12,1.1876129420478061e-13,2.952990250247501e-11,3.846283565018041e-11
19-h11980-01-01-00000,bc_a1_SRF,1980,9.987072548373968e-11,1.0226294497027353e-12,1.2625961757488153e-12,1.3756015800557135e-11,6.430439817577828e-12,5.474012063561899e-13,4.895144853344168e-13,1.8217173341979704e-13,1.802014482474822e-14,1.0150078991548839e-12,2.5179735958539063e-13,3.454837787098926e-13,2.0948552450791229e-16,2.0948552450791229e-16,1.308521565152021e-15,7.486887546652968e-17,6.410853098684561e-16,1.0678450759807574e-14,1.8502717937601604e-15,1.0678450759807574e-14,6.631030597221022e-15,9.678534108053652e-17,1.6627391395381698e-16,3.584347226906374e-16,5.023644202546254e-16,6.826622198034485e-11,2.1818223343824672e-14,3.454837787098926e-13,4.334890333355612e-14,9.491774359101194e-15,6.929310465103298e-13,8.701736250399023e-13,6.145399635663838e-15,2.572325762137245e-14,1.691740096106901e-14,4.195309393393727e-15,1.0048965935261883e-13,1.548848595847378e-14,1.0358334557668795e-13,1.960735211014433e-12,1.691740096106901e-14,1.938250854613587e-11,2.3819347357812807e-12
19-h11985-01-01-00000,bc_a1_SRF,1985,6.878222212709775e-11,5.085138611974958e-13,1.406684935282866e-12,2.0399237780548775e-11,1.6787265358396954e-11,6.048670706008114e-13,2.321953741399315e-11,5.680525049586365e-14,6.064228843218587e-15,4.599589351669632e-13,6.873145863364291e-14,1.8588650283332322e-13,6.979749251587109e-15,6.979749251587109e-15,4.379815114901498e-15,3.0718604097532717e-17,3.5017187896274093e-16,1.1797778797326416e-14,1.316922057983806e-14,1.1797778797326416e-14,7.11596721284401e-15,5.05270579795999e-16,8.466288601108091e-16,3.564464772993694e-17,1.968514573697232e-15,7.516004334213261e-11,6.18493539162619e-15,1.8588650283332322e-13,5.654994091881526e-14,1.587172433636605e-14,2.583463476214114e-13,5.354849223375061e-13,3.160632970434567e-14,6.465339129045197e-14,2.1852002180370652e-15,1.0348827630949552e-15,1.5587637593868292e-13,1.1339164917257312e-15,6.944868576369512e-13,3.6400949479519803e-11,2.1852002180370652e-15,3.7172851268853755e-11,3.112729151847314e-12
19-h11990-01-01-00000,bc_a1_SRF,1990,7.783415385014116e-11,8.915124374010523e-13,2.6352752699457452e-14,1.497553549435913e-11,5.570646033565742e-12,2.338108742347974e-13,2.5291626033367224e-11,2.0458012085487041e-13,3.678778089743059e-14,1.0573760859002656e-13,2.7017172512857204e-13,1.8804610886483986e-13,6.3355540380222015e-16,6.3355540380222015e-16,2.2547032289516085e-15,1.9330133540936024e-15,4.167965748920099e-15,4.036695319634108e-15,2.2151343241214525e-15,4.036695319634108e-15,5.433079143295731e-15,3.3168111241184008e-15,4.310889564023706e-15,8.407630907990924e-17,1.2907349267194145e-15,3.60085390834782e-11,9.459916026399776e-14,1.8804610886483986e-13,3.976731819142152e-13,3.0791973392736474e-13,9.178597595999205e-13,6.225403430274527e-13,4.853675513239188e-13,7.509063762349352e-13,8.230326344697424e-14,5.395911596512717e-14,5.641903641676269e-13,2.4723156409116812e-14,3.029636902414628e-12,2.3224903731666553e-11,8.230326344697424e-14,2.5815468558465264e-11,1.208192404888886e-11
20-h11970-01-01-00000,bc_a1_SRF,1970,1.7539561379547832e-10,8.155577392746155e-13,9.446038353757915e-13,8.71926859664369e-12,6.493829708176357e-12,6.025238533906661e-13,1.101049006644286e-12,9.989587311782052e-14,1.7165122189249163e-14,2.738222962681919e-13,1.1990162459528116e-13,7.377600286627237e-13,2.878878285882622e-16,2.878878285882622e-16,3.008199851330333e-17,2.2639814447641895e-16,8.474591088408408e-16,1.0128789590029114e-14,2.6898255525531062e-17,1.0128789590029114e-14,2.725461774908378e-15,2.5681811176012583e-18,5.253766551125669e-16,9.170771896301622e-17,2.478761150980748e-16,4.131108759773461e-11,1.8835725852670682e-14,7.377600286627237e-13,1.054202121925742e-13,3.0579024534963906e-13,5.819615659696493e-13,6.901816714849141e-13,4.858921723996251e-13,1.0860675126954501e-13,1.5719912263693833e-13,4.0015229103660043e-13,6.322773383009251e-13,6.468030569343746e-15,4.789356561736576e-12,7.370368033938247e-12,1.5719912263693833e-13,2.2852989262749544e-11,5.160763187075906e-12
20-h11975-01-01-00000,bc_a1_SRF,1975,4.504331864442406e-11,2.306166541505114e-13,8.540074851333692e-13,1.4431449359914944e-11,6.481122717913158e-12,3.8562071077281026e-13,3.868027038742245e-12,1.6989994764883981e-13,3.399256625061568e-14,3.8517027691202666e-14,1.5774257474892702e-13,5.83598795014722e-14,2.5489545074863568e-15,2.5489545074863568e-15,4.227736620496972e-17,1.4680888417101702e-17,5.365042727013078e-17,3.218439169341128e-15,7.713894216425021e-17,3.218439169341128e-15,5.2282256121370725e-15,5.5441929543550895e-18,1.4139500437016941e-16,5.138361724506224e-16,7.389391191523958e-16,1.5122244160524345e-11,1.8704935442124954e-14,5.83598795014722e-14,1.9205613706792968e-14,2.3218243612373872e-14,5.536783839562699e-13,9.430721283278681e-13,2.538366812600636e-14,1.541659764434442e-14,6.616287668080538e-15,1.8284713237965117e-14,2.0099162538787672e-14,9.727339562365755e-15,2.4421368124778587e-13,6.833816513159311e-12,6.616287668080538e-15,4.113176165672984e-11,1.6364902547181495e-11
20-h11980-01-01-00000,bc_a1_SRF,1980,2.7995495161278276e-10,5.766601213135467e-13,7.272095082076925e-14,2.4492941998565096e-11,2.6723152938287603e-12,3.817917468576077e-13,6.775104154012563e-13,3.304848958977013e-13,1.938264362431302e-15,5.73271137477206e-14,5.317597502345421e-13,3.839759386206376e-14,1.3828745969240626e-16,1.3828745969240626e-16,6.339449952742488e-14,4.632933096234367e-15,5.927109042828687e-17,4.665541101353961e-15,7.109948110446867e-14,4.665541101353961e-15,6.2982362953877135e-15,2.0834745771692204e-17,1.404675566895252e-15,3.931881623184957e-15,4.799423645995335e-16,5.83158816338963e-11,5.059144307140577e-15,3.839759386206376e-14,3.5912438780065754e-14,2.7825846106033827e-15,2.037511386404153e-12,1.2583160768606303e-12,2.5048782183833563e-15,4.8395493334868556e-14,5.059817932559639e-16,1.2202732176186998e-14,1.9498412268067288e-13,3.5992963429999783e-13,1.245883051836335e-13,3.787956882321184e-12,5.059817932559639e-16,1.3117828724835966e-11,1.2531271074932175e-11
20-h11985-01-01-00000,bc_a1_SRF,1985,1.5371554918610274e-10,1.1426052183346711e-12,1.2344780271488269e-12,2.1358834799542612e-11,3.4358527122579133e-12,5.569571469132499e-13,2.9204635728619905e-12,1.6299690051784648e-13,2.0092085334448113e-14,3.798950310896137e-13,1.6063340846126776e-13,8.101202563625651e-13,1.8822979619803014e-17,1.8822979619803014e-17,1.6563844120519197e-14,1.1062109271537569e-16,1.2786390104757527e-15,7.562657682181884e-15,9.335457432506216e-16,7.562657682181884e-15,4.2625823826525025e-15,1.5631417009053708e-15,3.4260593932219843e-16,1.9345522674415972e-16,1.2040885608824288e-15,6.152776022781184e-11,2.4676533591096715e-14,8.101202563625651e-13,4.981063559584463e-13,5.160637495845768e-14,8.056566857906729e-13,1.3443939435611118e-12,5.2385789592523327e-14,4.171525191422711e-13,4.582008010380064e-14,4.055979701362699e-13,6.670649235487531e-13,6.816151492711961e-15,3.8347970107380294e-12,2.1716134172482737e-11,4.582008010380064e-14,5.1392408645020795e-11,1.6205887806318232e-12
20-h11990-01-01-00000,bc_a1_SRF,1990,6.086140462569637e-11,1.2486841903018095e-13,3.398830721646169e-12,2.2813311616325167e-11,1.5794040627060193e-11,2.1163823071076115e-13,4.848071036358797e-12,2.200604985413832e-13,9.0397133364848e-15,2.308499012330953e-13,1.9831600323052745e-13,1.6020206671837348e-14,4.581803864145306e-16,4.581803864145306e-16,5.026070648855212e-16,3.511258173950163e-16,1.0499109576043095e-14,3.246469760880491e-14,3.1393111931259297e-16,3.246469760880491e-14,5.748583292914618e-15,1.891302775213023e-15,1.2939611249053754e-14,2.185195438200732e-20,1.4081178417760327e-17,1.540382888791172e-11,7.882226487829146e-15,1.6020206671837348e-14,3.3530645634543014e-14,1.655658821479735e-14,3.145662182852234e-13,5.617804730390134e-13,1.983688347436053e-14,6.881000556347786e-14,1.7168528684447223e-14,2.725276277398517e-14,2.089793896991481e-14,7.663352122966609e-14,5.950458458851964e-13,4.088072702396183e-12,1.7168528684447223e-14,6.411583391135138e-11,3.854052148244639e-12
21-h11970-01-01-00000,bc_a1_SRF,1970,2.918333800268532e-10,3.201588597284188e-13,3.326947158896223e-12,1.198812625338367e-11,7.030833528682368e-12,3.6655867979986853e-13,6.760850024152719e-11,5.891453549472591e-14,9.141355722428616e-16,3.457265950193813e-13,4.463540032549505e-14,3.0123126341693127e-13,2.563993626919642e-16,2.563993626919642e-16,8.266108761457485e-16,3.4144261091414686e-16,7.851163802983084e-17,4.335225104359458e-15,1.5183644140314158e-15,4.335225104359458e-15,3.538391487778085e-15,1.001571926268503e-15,1.8105704440959853e-17,1.4986038048520237e-16,2.722666913651228e-16,1.309480845696503e-11,1.2723184712326716e-16,3.0123126341693127e-13,3.98875623052531e-14,2.6001493767866245e-14,2.5232426557518485e-13,4.3204084721528544e-13,1.412821919294547e-14,3.064928266835695e-14,3.936060840572117e-15,8.297383898034284e-16,7.540681999364958e-14,9.702477296307244e-15,2.5029887907953297e-13,8.155898436365038e-11,3.936060840572117e-15,4.951060668047174e-11,4.5744226144200325e-12
21-h11975-01-01-00000,bc_a1_SRF,1975,6.531303294784358e-11,1.640014645418877e-11,2.6675325486678465e-12,1.551119391705628e-11,9.806283124521307e-12,2.225006444349324e-13,5.481460580423159e-13,2.334485624780361e-13,1.641480922022021e-14,2.8778342615858036e-12,2.6655865949338827e-13,1.1888617374881306e-11,1.2098209218463935e-15,1.2098209218463935e-15,7.504042624197436e-14,6.317992131831619e-16,3.5118007783112555e-16,1.199713951113874e-14,8.409773729234025e-14,1.199713951113874e-14,1.7020074090135272e-15,3.9318156446048883e-16,4.798535132479042e-16,7.70376946489749e-17,7.599488361304001e-17,4.428792282350757e-11,2.319045950389907e-14,1.1888617374881306e-11,1.2760369358046856e-12,7.967420174460575e-13,5.721976790246611e-12,2.0112258398039057e-12,8.633766887831163e-13,1.4257422285662032e-12,1.6000005420234666e-13,6.797543125574594e-15,8.20098968070872e-12,3.4991769730635137e-15,8.64610234047697e-13,1.3359509485641331e-12,1.6000005420234666e-13,6.54894947987252e-11,6.234530365280987e-11
21-h11980-01-01-00000,bc_a1_SRF,1980,2.187892561901472e-10,9.607275377332776e-14,1.8173063649327188e-12,1.0066888628218243e-11,2.5497549192976028e-12,2.779133341109745e-13,5.649926884408206e-12,2.5686076730040855e-13,1.3013026507236201e-14,2.1450141095129197e-13,3.021929486777862e-13,6.9372019578312325e-15,2.483730654176746e-16,2.483730654176746e-16,1.985076361992782e-15,7.792942893222402e-17,4.8115360345518016e-15,7.362667184032058e-15,6.135027640686445e-16,7.362667184032058e-15,3.59729017219958e-15,1.5515257614092662e-15,9.204076381989593e-16,6.987081341881656e-18,5.752057211347296e-16,4.766503373461511e-11,1.0401144252707114e-14,6.9372019578312325e-15,8.453507405802472e-15,3.2659100249444565e-15,2.764724521537209e-13,1.019872123301186e-12,3.2154082965829108e-15,1.4698923098541255e-14,8.371446251271497e-16,9.53272014346797e-15,9.512348508297891e-15,6.029444924170284e-15,1.6667044877061628e-12,8.193185725876883e-12,8.371446251271497e-16,3.4771593097498855e-12,6.253745394364073e-13
21-h11985-01-01-00000,bc_a1_SRF,1985,2.8074960941074797e-10,1.4753516841747153e-12,1.3471751166634839e-12,1.6431005118447614e-11,1.38306403261964e-11,3.230042896889539e-13,8.714368448336008e-13,1.8532034728881408e-13,1.7055330619333817e-14,5.970121321687745e-13,1.6249673907894448e-13,1.5922599814003323e-12,1.1231760938888726e-16,1.1231760938888726e-16,7.028955114043742e-16,1.0509102112674476e-18,6.857242223476871e-16,2.265023168316202e-14,4.0842020369856287e-16,2.265023168316202e-14,9.909205619539458e-15,1.1967888055309853e-15,3.0255597939036624e-16,1.9306285175526784e-15,4.706821338504384e-15,4.665120313607237e-11,2.059995413345764e-14,1.5922599814003323e-12,7.497458018154551e-13,1.1128755969645433e-12,1.9753176387623757e-12,1.8139202214689963e-12,1.1322094474757755e-12,7.405072661836823e-13,1.4553735600996938e-13,6.830191382223428e-13,9.43342049067758e-13,7.847240332454872e-14,2.62875995765885e-13,1.890913109201902e-12,1.4553735600996938e-13,5.864937958255413e-11,1.8527155517659662e-11
21-h11990-01-01-00000,bc_a1_SRF,1990,1.9925964075100564e-10,1.1431128181130498e-13,1.4966881277829057e-12,1.3516588703571534e-11,8.53140752506054e-12,2.8717326663716887e-13,4.035230794566295e-11,4.136219373550637e-13,1.5801998790571242e-15,5.1582192061545125e-14,4.569511122706024e-13,1.9286883763515087e-14,2.3294688393167834e-17,2.3294688393167834e-17,3.3291561779067388e-15,7.744972087066379e-16,5.1437756529961514e-15,7.293105717808575e-15,5.993357606778814e-15,7.293105717808575e-15,4.574838904384272e-15,5.283842111092898e-16,2.2099708313869643e-15,1.712209925557462e-14,2.3392549476287778e-15,9.762319768344612e-12,1.6579281582913573e-15,1.9286883763515087e-14,2.9623446858035565e-14,1.4253112515576337e-14,2.3663410352117743e-13,3.301438048121786e-13,1.91297434621678e-14,1.064362051375049e-14,1.410583631383529e-14,4.273490136521554e-15,8.815640176107956e-14,2.624785283893975e-15,2.8690446701734704e-13,5.5104572586326574e-11,1.410583631383529e-14,1.1887054377585082e-11,1.1307458465213007e-11
22-h11970-01-01-00000,bc_a1_SRF,1970,5.457647215454444e-11,6.775643957816438e-13,8.931095543750094e-13,2.6019796123809796e-11,1.4884093054169395e-11,4.3788617415329934e-13,1.1895026202789323e-12,9.174320940285513e-14,5.883510044970142e-14,1.7686307279428097e-13,7.602753076669204e-14,4.4300087708838854e-13,5.999170905159855e-17,5.999170905159855e-17,5.686352523963168e-16,6.524788284259301e-17,4.328916607933293e-16,8.335032491221286e-15,1.3414579539462758e-16,8.335032491221286e-15,4.927262830405339e-15,3.5422359411612027e-16,6.27139350427778e-17,1.3762421953798703e-18,4.0510066287333975e-17,8.719436860524942e-12,6.116512087582436e-14,4.4300087708838854e-13,3.4545565671310336e-14,3.9372107127574295e-14,7.161888109791703e-13,9.795931162905605e-13,5.342909097835781e-14,3.58052151168743e-14,2.042198991572459e-14,8.837774210710353e-14,2.1795656742937054e-14,6.172716791495541e-15,2.0698723251288654e-12,1.751964980119522e-11,2.042198991572459e-14,6.985337237615156e-11,2.6594854292857983e-11
22-h11975-01-01-00000,bc_a1_SRF,1975,2.8277539471739596e-10,9.88236390491936e-13,1.2281414425715347e-12,9.479639238660755e-12,2.8322587456939724e-12,2.374477410938532e-13,4.6288549843129455e-11,3.192166314906148e-13,1.2068084649314505e-14,6.691223138688589e-14,2.9577753593100485e-13,7.952480179578612e-13,7.648675385090125e-15,7.648675385090125e-15,1.0721646489994798e-17,2.18697757213262e-15,6.371426183052813e-15,8.095054425311054e-15,1.5427722442194398e-17,8.095054425311054e-15,7.0291129635445364e-15,3.411800719957184e-16,1.6815506425643014e-15,1.602346276520808e-14,5.365764522043946e-16,3.0856307520034704e-11,1.4278890992818924e-14,7.952480179578612e-13,1.7481162615504096e-14,3.361457250422994e-14,4.4363538891595573e-13,9.976511671534933e-13,1.5994555967923297e-14,2.0425438069215188e-14,1.8486126714290246e-14,1.813173725735824e-14,8.676551159410185e-14,1.5081008612436568e-15,5.666591315293579e-12,1.345246837345877e-11,1.8486126714290246e-14,1.3661974229017612e-11,2.6403616913975702e-11
22-h11980-01-01-00000,bc_a1_SRF,1980,2.5213286336166698e-11,1.0005304572579162e-12,1.0962209667273448e-12,1.3748788806247118e-11,5.461845013377275e-12,1.5838403248308843e-13,1.5124286139059702e-12,3.222595126804769e-13,2.0435054753720106e-15,2.342077250286827e-15,2.8318092471555573e-13,1.5886815225662068e-13,7.015178934365045e-16,7.015178934365045e-16,2.6770702358324743e-17,8.52408549144069e-16,6.729512917012256e-16,1.5147315042518705e-14,4.428188430015321e-17,1.5147315042518705e-14,8.359689164267518e-15,5.355854203080309e-16,2.1819373414898045e-16,1.2119727947180514e-16,1.2280532794409217e-17,4.345514044314151e-11,2.929324049234934e-15,1.5886815225662068e-13,5.290918818682348e-14,1.0041667412761477e-13,6.961578241134308e-13,9.989214183561897e-13,1.0661623459659878e-13,1.3793267920947561e-14,1.0822326066920538e-13,1.0876229704928926e-13,1.2434381528861807e-12,2.418951392627613e-14,3.991968875559128e-13,4.963284290552346e-12,1.0822326066920538e-13,1.7343225736882244e-11,2.2698533233925187e-11
22-h11985-01-01-00000,bc_a1_SRF,1985,2.733925962305451e-10,5.606658153747534e-13,1.0671831258995589e-13,4.101286872629638e-11,2.523369616300612e-11,4.4494607411982116e-13,2.017649530575509e-12,1.0809592412230163e-13,2.1524100295794833e-15,1.994651564812572e-12,8.534312351412969e-14,4.92159907826672e-13,1.995014127209242e-16,1.995014127209242e-16,9.16554393747127e-14,5.544069474307287e-16,9.404600293119316e-16,2.040188599951998e-14,1.3317677930610065e-13,2.040188599951998e-14,9.675388500310387e-15,1.5918470558454348e-14,9.235498060189991e-17,2.207769290273038e-16,5.936077988536701e-16,2.654220135572993e-11,4.514258613749138e-15,4.92159907826672e-13,8.034040475521371e-14,4.8544702222065645e-14,1.5136292470361713e-12,1.838138318633469e-12,6.181771523225528e-14,5.037788858714371e-14,6.535528656968165e-15,1.6835856675819307e-14,5.269819509566093e-13,5.556305650212041e-15,3.986209158724972e-13,1.94336242409538e-12,6.535528656968165e-15,9.296230962862728e-11,5.042364800665191e-13
22-h11990-01-01-00000,bc_a1_SRF,1990,6.952289933923581e-11,4.828742879094827e-13,5.991034125625713e-13,1.4282003976213168e-11,3.3453291442495153e-12,5.266412662043532e-13,1.8148612330169122e-12,1.4035390119572798e-13,7.064890948466727e-14,2.1511392243574997e-13,1.4748476792340046e-13,4.859466304679362e-13,3.868378955432222e-15,3.868378955432222e-15,8.110361435437283e-15,3.6458474792546763e-16,1.2687035129176897e-15,1.387829698379679e-14,7.379657196092172e-15,1.387829698379679e-14,1.463005877198375e-14,1.6600098861327996e-16,4.026662254184105e-15,5.402884353518148e-14,4.0054199440729087e-16,3.515012322208032e-11,7.887267490181337e-14,4.859466304679362e-13,1.2066766706497753e-13,1.038616745787199e-13,4.353039809081731e-13,8.301602006127907e-13,8.06021082243102e-14,1.281196779912222e-13,3.7670396035538723e-14,1.9745935968814442e-14,2.750946376007124e-13,7.51357658605962e-15,7.751546108477205e-13,3.6663140618161105e-12,3.7670396035538723e-14,2.490709861316395e-12,2.1206247669869386e-11
23-h11970-01-01-00000,bc_a1_SRF,1970,2.8240662588814646e-11,3.895337186832722e-13,2.050843802409237e-12,1.8403600462084997e-11,1.344995720213414e-11,1.872144870112292e-13,7.180043150773139e-11,3.2076747469783826e-13,2.8323258967576785e-14,4.3826737673183656e-14,3.671291764236029e-13,7.5594501091121e-14,2.3794914652726024e-15,2.3794914652726024e-15,5.742404178737847e-17,1.7660376146042713e-15,4.496982540463872e-15,6.2908912777308366e-15,6.353014603473475e-17,6.2908912777308366e-15,3.5619377065036794e-15,1.0002428165093054e-15,5.3302847951033694e-15,3.754459208554525e-17,1.2013173299917434e-16,4.4265108305742413e-11,2.5529196682613615e-14,7.5594501091121e-14,6.781951304872676e-15,7.838838039361689e-15,4.632745030749439e-13,1.221758253355431e-12,9.216096719133581e-15,8.358618652383589e-15,7.149701505260397e-15,3.4206376182421575e-15,3.610929724926779e-15,9.894722592393918e-15,2.946585261030555e-12,9.610196199061131e-11,7.149701505260397e-15,6.061561909381854e-11,1.0244017048372788e-11
23-h11975-01-01-00000,bc_a1_SRF,1975,1.1465015720885055e-10,7.680493588777094e-13,9.837247636931227e-13,1.8303143683543926e-11,1.0341164086364152e-11,1.4514059138632849e-13,5.917942500842049e-13,5.04458001720866e-13,2.928304090362053e-14,1.5906475182534689e-13,4.1969651396283764e-13,3.405791526761538e-14,9.142741359271387e-17,9.142741359271387e-17,1.4570082982928096e-16,2.847819798122881e-15,8.082395269527458e-17,5.140242808309318e-15,3.171388815230332e-17,5.140242808309318e-15,5.477656208660008e-15,2.368342730745009e-16,1.2125640460624505e-15,6.520131074659639e-17,3.1905924381620884e-16,1.8221482810149896e-11,1.8437569637259908e-14,3.405791526761538e-14,3.7676278692277854e-14,1.5731934157412475e-14,2.9075397908176435e-13,6.009299197582627e-13,2.1776157380583912e-14,1.2697374709202637e-14,1.188836013029277e-15,5.762660636511059e-15,4.826035998522838e-14,1.217107012681984e-14,8.08121441415199e-13,1.5855284360338207e-12,1.188836013029277e-15,7.215189158978852e-11,2.628637411061796e-11
23-h11980-01-01-00000,bc_a1_SRF,1980,3.59677669877033e-10,8.474749343523416e-13,1.579621319926082e-12,9.950440548380052e-12,7.375821804033093e-12,4.0977473598459905e-13,3.0529179761634638e-12,1.125188020814576e-13,7.160309057803854e-14,1.9212129137545644e-13,7.521031187048721e-14,5.707067387521393e-13,2.6265426969622996e-15,2.6265426969622996e-15,2.944557149859084e-15,4.2367233280192114e-15,1.1629612297627578e-15,1.0928689163529252e-14,2.6239756375881245e-15,1.0928689163529252e-14,3.229974245999466e-15,2.3831705164708808e-15,4.253574600652079e-15,6.857554967379783e-16,8.637102874856392e-16,3.99414614746141e-11,7.32141888612902e-14,5.707067387521393e-13,1.1059161313089826e-12,1.5996176113543028e-12,9.726304495517127e-13,1.317688377961569e-12,1.5169229314572179e-12,1.3539003800136246e-12,5.791534712546404e-14,1.2203564725649061e-12,7.36703173271267e-13,1.0696172183656064e-13,6.6759920850045085e-12,4.050886295977004e-12,5.791534712546404e-14,2.268464146617889e-11,1.8030852859267092e-12
23-h11985-01-01-00000,bc_a1_SRF,1985,1.1951222242300524e-10,1.3884290330208239e-12,2.3338301791992753e-12,8.92451830076795e-12,5.984962213619078e-12,2.7249710821337084e-13,8.513947196115139e-12,2.4687238002575366e-13,1.7749382138450999e-15,7.901986290427883e-15,3.3162341898217674e-13,8.468686367507364e-13,9.118294079908163e-15,9.118294079908163e-15,1.8758687579969903e-15,6.315640575363387e-18,7.563831835876681e-16,2.0142378325153784e-14,1.8812078480194894e-15,2.0142378325153784e-14,2.773254183350093e-14,1.1224236382580238e-16,3.3042835944213905e-15,3.632036288626506e-16,1.822383378142424e-16,1.7098512823273643e-11,3.0100527459309755e-16,8.468686367507364e-13,2.4878203454809606e-13,3.35895949270281e-13,9.095675926021077e-13,2.314831955757029e-12,3.6541773616623354e-13,1.4251464466427257e-15,1.8602692645000287e-13,2.388002641842497e-13,2.1704922716114122e-13,1.0081169941071769e-14,3.4136998793160186e-13,1.0857213984272381e-11,1.8602692645000287e-13,6.760598081726828e-11,3.485274451559775e-12
23-h11990-01-01-00000,bc_a1_SRF,1990,1.6691085218764987e-10,3.4453912233692444e-13,2.6789177348472035e-12,1.8357834007771183e-11,1.9028576788947646e-11,3.1450048966701494e-13,7.864169498129926e-12,1.9659040605959844e-13,3.942794028508571e-16,2.800933680510733e-13,2.5526310587854904e-13,1.131592996704274e-13,8.083300978248723e-15,8.083300978248723e-15,4.139790614482145e-15,2.2925892699875467e-16,6.519565089830295e-16,1.5899588631238395e-14,9.044603378416835e-16,1.5899588631238395e-14,5.098878863756308e-15,2.2277606996869825e-17,2.709730458256853e-16,1.7902273652914065e-16,1.1849361938603391e-16,1.8411214686777125e-11,1.168305885753652e-16,1.131592996704274e-13,5.900831404858827e-14,2.4858765547458278e-14,1.1135080767044046e-13,3.84126191967229e-13,2.8266860388370726e-14,3.754580693937881e-14,3.390661861093058e-15,1.0956206416984645e-14,1.1545212441996405e-13,9.856249297224215e-15,5.479987034991716e-13,3.2564827554553622e-12,3.390661861093058e-15,5.944694679824105e-11,3.122303809758343e-12
24-h11970-01-01-00000,bc_a1_SRF,1970,1.6035790785427925e-10,5.572682162616562e-13,7.619398482859344e-13,6.484790835493782e-12,5.724855711548838e-12,2.9364081730130263e-13,1.584016453482906e-11,1.2674848669604383e-13,4.928329750926701e-15,7.90737363868693e-14,1.553872148191223e-13,3.7454672461167483e-13,3.835207952395912e-16,3.835207952395912e-16,1.5204123335671735e-14,1.4490195406871536e-17,1.4864291006384784e-16,8.1824377727724e-15,8.53223714585242e-15,8.1824377727724e-15,1.8870773780944706e-15,5.398422916031098e-16,1.5144976749430126e-16,2.34187186440648e-15,4.820859878736458e-18,1.053893067409909e-11,5.150686254577641e-15,3.7454672461167483e-13,1.6553928010463513e-14,6.9319292542144286e-15,6.293981658209505e-13,8.216491382010139e-13,9.578578782658869e-15,2.2468043334228454e-14,5.474450750110644e-15,1.480050297795956e-14,1.2968572687715034e-13,4.0524734625899174e-14,6.392453185773552e-13,2.1014969567174197e-11,5.474450750110644e-15,2.0375016282702542e-11,8.750858604907796e-13
24-h11975-01-01-00000,bc_a1_SRF,1975,3.230354991861317e-10,1.5655263039982545e-13,7.145751785387129e-14,1.544679964654147e-11,7.394978512194551e-12,4.908677722329006e-13,1.193857282308208e-12,1.1137820274567921e-13,3.748673835090852e-14,5.4210406298800606e-14,1.151197035980851e-13,3.694350820505657e-14,4.015594769870451e-16,4.015594769870451e-16,6.98863668472962e-14,1.4263331689551663e-16,1.388137265606162e-16,2.6704875801691635e-14,3.3762277893680425e-14,2.6704875801691635e-14,7.974099042785974e-15,1.5208830308844306e-14,1.1114540021302933e-16,2.0983669939306998e-15,2.333586992093094e-15,1.2519229190520678e-11,3.495247874719101e-14,3.694350820505657e-14,2.8130626336101585e-14,2.610452568360919e-14,1.7730821108680958e-12,2.116216979688258e-12,2.2777391566079e-14,2.7061266008806092e-14,4.119033543497255e-14,2.3822010095208882e-14,3.356085990613029e-14,1.873517591349865e-14,1.157053278732148e-12,1.5473910305215188e-12,4.119033543497255e-14,5.313663369087084e-11,1.0254624747308577e-12
24-h11980-01-01-00000,bc_a1_SRF,1980,1.750953662280962e-10,6.393908032155718e-13,1.558843213344269e-12,1.6140065387048475e-11,1.1162998759289751e-11,2.1775329258934556e-13,9.329732001689819e-12,1.8784338147787073e-13,1.827464769968877e-14,7.967714925418836e-14,2.2030082572779876e-13,8.125703241687886e-13,2.9976558270827456e-16,2.9976558270827456e-16,6.87992073043763e-16,1.6107883103395192e-15,2.168323865326244e-15,6.9592011113395684e-15,2.7092427554266436e-16,6.9592011113395684e-15,9.131231991500578e-15,8.158913859107399e-15,2.365652314875363e-15,1.07556403832944e-18,9.455058870002116e-17,1.976193492837435e-11,1.956516740231407e-14,8.125703241687886e-13,1.7070044516416588e-14,4.1746221885794236e-13,3.8028408266505733e-13,1.0944315442597917e-12,4.990563639200683e-13,1.3469111531794468e-14,3.8522539421221063e-13,1.038242591096167e-12,2.923624848659602e-13,2.9945521798100416e-14,4.910837976672867e-13,2.161593314097184e-11,3.8522539421221063e-13,7.00402415949662e-11,9.887508317446898e-13
24-h11985-01-01-00000,bc_a1_SRF,1985,3.4332312314879003e-10,1.2734729114253741e-12,9.123139057267863e-13,1.5155373289454895e-11,5.460763081119167e-12,3.9803493344970573e-13,1.0531127662312617e-11,1.864269816948756e-13,3.4993451276709465e-13,2.83449907232963e-13,1.9843560638433743e-13,1.4113119182750047e-12,5.504525253062511e-15,5.504525253062511e-15,5.291001749547252e-15,1.3032955633189165e-17,2.680381513539765e-16,1.2152840732856472e-14,2.6843299002059345e-15,1.2152840732856472e-14,9.132253570631692e-15,1.0514557258960542e-16,5.025366986936905e-16,6.374172931517084e-16,3.4026119247460273e-16,5.6413930215081043e-11,3.443202635751189e-13,1.4113119182750047e-12,6.269275590828787e-13,5.056762600722174e-13,5.677623409087227e-13,7.591408744734014e-13,6.621167979218689e-13,4.185632140787314e-13,2.242682776956187e-14,2.4314579714206307e-14,1.0524501205042476e-12,4.1637714599206624e-13,2.5795439072020293e-12,2.42467277362327e-11,2.242682776956187e-14,7.609643619804267e-12,4.8600619556943635e-11
24-h11990-01-01-00000,bc_a1_SRF,1990,2.4329917860241796e-11,2.5634952085949695e-13,2.2326696501370557e-12,2.599155733678306e-11,1.6394579680444893e-11,2.7289668656587326e-13,9.266396626818806e-12,3.0176790231442726e-13,1.659824646445036e-14,5.874889641649123e-14,2.1551688297161523e-13,3.6211883641014336e-14,4.4482835001567356e-15,4.4482835001567356e-15,1.1315533578453323e-15,1.0635687359155104e-15,8.800728704472422e-15,2.335178440093478e-14,9.019764136699452e-16,2.335178440093478e-14,4.264221728951594e-15,2.7069693363951652e-15,1.3230338133826251e-14,2.412552868861819e-16,1.1357078058822493e-15,2.2518996906672132e-11,1.7801692123535787e-14,3.6211883641014336e-14,6.708894295729292e-14,4.698352064268679e-14,2.2241213681542336e-13,5.588469799088314e-13,5.4601436838828234e-14,7.847709442916904e-14,2.806192724649107e-15,1.0053224196164216e-14,2.5137343082142558e-14,2.5414085222947846e-14,9.304137417039661e-14,8.070616077488937e-12,2.806192724649107e-15,5.97162807981722e-11,1.518349374139413e-11
25-h11970-01-01-00000,bc_a1_SRF,1970,6.868912277018675e-11,1.752712145989182e-13,2.3117316309781447e-13,9.155926179603576e-12,4.927735508756481e-12,3.7056480350717323e-13,4.8870191136826476e-12,4.38003488791025e-14,6.942099239621279e-15,1.7130675562377472e-14,9.553124293129971e-14,2.382041369487611e-14,1.8065610494270086e-17,1.8065610494270086e-17,6.526002787446786e-14,1.3227654047857119e-15,2.4495681134976138e-17,1.6715575936141232e-14,2.410876312158239e-14,1.6715575936141232e-14,1.1452246869314883e-14,5.5009666406373917e-17,4.918834010593387e-16,5.398335037767078e-16,1.3345796623909437e-16,1.8107123604446296e-11,9.365866332100735e-15,2.382041369487611e-14,7.259687284008149e-15,8.824653490557512e-15,1.2807614183989472e-12,7.395311705595864e-13,8.566312383146949e-15,7.219773563463746e-15,2.6963172836471514e-15,5.440099294787962e-16,2.1123604731336518e-14,3.040553814201708e-14,5.957462224067474e-13,1.0548454449919792e-11,2.6963172836471514e-15,1.8939585087913403e-11,5.184197084852336e-12
25-h11975-01-01-00000,bc_a1_SRF,1975,2.8147031227848885e-10,1.6758757728741363e-13,1.731960859592516e-12,1.2762892829532413e-11,6.930392147250955e-12,3.81259123636945e-13,3.371735405301028e-12,1.6426762239485957e-13,1.188486415188473e-14,2.5762141555101765e-14,2.0069840974976528e-13,1.0928259975130257e-14,6.265183681811901e-15,6.265183681811901e-15,1.0504747839199533e-14,1.0517216456264667e-15,2.0917365442611304e-18,8.611211971539866e-15,9.604299678284215e-15,8.611211971539866e-15,7.76775768686801e-15,7.403413528630511e-17,9.067204755676861e-18,1.6381414627037025e-16,2.0835154017835957e-16,1.197218423140089e-11,1.1517736791632835e-14,1.0928259975130257e-14,8.258932310205062e-15,1.1210728523547747e-14,2.586354533578322e-13,4.364900615801521e-13,1.1203865708092787e-14,6.982972410850696e-15,4.922250460738099e-14,8.054824565164331e-14,7.672791059161406e-15,3.656533124018904e-14,8.442619011137853e-14,1.6269542411023928e-12,4.922250460738099e-14,4.4633041017813176e-11,5.411309765518609e-12
25-h11980-01-01-00000,bc_a1_SRF,1980,4.0123912846334674e-11,1.3216739607417463e-13,5.113182231192776e-13,1.4442340994568864e-11,1.1564739464123541e-11,2.1214240462258431e-13,2.348650184806295e-11,1.1820879915324114e-13,2.896468504793748e-14,6.512779982945773e-14,1.2546795332141662e-13,2.1390288916017022e-14,9.00084074580311e-19,9.00084074580311e-19,5.648752714276766e-14,3.2563389759085246e-19,5.139898215783377e-17,1.8972382060085334e-15,1.3782149214841073e-13,1.8972382060085334e-15,5.304462600484267e-15,1.6492957426336145e-17,4.157826331429279e-17,1.869412881757409e-16,5.636398866825361e-17,2.1934226014297034e-11,3.4880350875937365e-14,2.1390288916017022e-14,6.669365881237139e-14,1.5953531631634289e-15,4.4732158762832115e-13,4.3916378210102777e-13,1.7557616230066545e-15,6.626295476086658e-14,7.71429630871193e-15,1.335775086905541e-14,2.4869264067974102e-14,2.4311436230335526e-14,6.437485615086171e-13,2.8331116699229865e-11,7.71429630871193e-15,6.579356235975602e-11,3.766436792789667e-12
25-h11985-01-01-00000,bc_a1_SRF,1985,2.7203310512418506e-10,3.362873249100897e-13,1.396239037459208e-12,3.627679908203603e-11,3.246041444622603e-11,2.275084889604915e-13,9.528731896281063e-11,3.7941836056506226e-13,1.9265392188551135e-14,6.110380356128113e-13,2.8300983981277865e-13,1.692277106039385e-14,5.512221339744107e-17,5.512221339744107e-17,5.981121117493268e-16,6.393255585757645e-16,4.840410586304816e-15,2.7496936401423574e-14,2.8717900571243685e-16,2.7496936401423574e-14,2.4484242562534582e-14,8.955924573993926e-16,3.843000051715579e-15,1.3606470423398456e-16,4.331613131626324e-15,7.964275432518039e-11,1.7636473364170517e-14,1.692277106039385e-14,1.081113054752765e-14,1.7315219103499597e-14,3.156996646044721e-12,6.487532259372824e-13,1.537881492120142e-14,1.0947180048859007e-14,7.05672376098645e-15,1.062641577121314e-14,2.055308025782955e-14,5.074145963444306e-15,3.308757470735826e-12,2.590990986050045e-10,7.05672376098645e-15,7.485978723419913e-11,1.2820960339123358e-12
25-h11990-01-01-00000,bc_a1_SRF,1990,7.043444730456466e-11,1.0829941231229218e-12,3.236809816611737e-12,2.3355944110849555e-11,1.3416013708127975e-11,6.459910551391059e-13,2.44984091008127e-12,1.7320627463078144e-13,1.483194470333843e-14,2.8713672005632503e-13,1.1391051223252583e-13,3.318724998366447e-13,1.2683863430156571e-14,1.2683863430156571e-14,1.608556624643613e-14,1.8957475537599033e-15,2.236138982403518e-15,2.439237617825e-14,1.2119739905636814e-14,2.439237617825e-14,1.4085376849691764e-14,2.7821556420996758e-15,4.6533338931465866e-15,7.29486950187616e-18,2.8295132330243734e-17,6.836962572303726e-11,1.7714204627950624e-14,3.318724998366447e-13,8.436777626046335e-13,1.8825617163806055e-13,9.92130438205963e-13,1.4597595693568103e-12,2.631650733690816e-13,5.099642295151082e-13,3.278592615851369e-14,1.9675071368137262e-13,1.4707000546662294e-12,2.007918261613438e-14,7.515609905434316e-12,5.753191058533753e-12,3.278592615851369e-14,4.9329128095697384e-11,2.6945837795660494e-11
26-h11970-01-01-00000,bc_a1_SRF,1970,1.6721991937370105e-10,1.028882126470615e-12,1.831234464396652e-12,1.53800863321355e-11,1.7590673590767445e-11,3.608361250650725e-13,3.6860106144012305e-11,6.413146112865647e-13,8.778145690944186e-14,6.142370968704121e-14,5.956510700185186e-13,5.682466814671422e-13,5.004502264165659e-16,5.004502264165659e-16,4.959540367090815e-15,6.65935898101664e-15,3.70308481367871e-17,1.0035622171463102e-14,2.3155723364870474e-14,1.0035622171463102e-14,1.2386082336901881e-14,8.505598865708385e-15,7.198555585460902e-18,1.145435685634375e-17,1.0135399183830136e-16,2.2404599872278794e-11,7.173446122111857e-14,5.682466814671422e-13,5.8891854152560625e-15,1.6526366615213818e-14,6.694926344013249e-13,9.051488493130799e-13,2.0861200286573493e-14,5.101637557978436e-15,1.2504949482684649e-14,6.378943261551369e-15,1.7988552882000813e-14,3.0566544099547467e-15,5.049764553914342e-12,4.8408747179897784e-11,1.2504949482684649e-14,1.866944570455543e-11,8.098402266921175e-12
26-h11975-01-01-00000,bc_a1_SRF,1975,1.0145937326661486e-10,1.1878635866339562e-12,2.213217588914763e-13,1.90890830979268e-11,1.1437203820195223e-11,2.142124447969209e-13,5.795722290742031e-13,1.1751406261861652e-12,9.05498205389615e-14,2.2716722903581864e-14,1.1340431235638235e-12,7.034866067021575e-13,3.949672095540888e-18,3.949672095540888e-18,2.953859683352001e-14,1.0330714386516732e-15,6.535999985755382e-16,6.1226080210513866e-15,1.700639704203671e-14,6.1226080210513866e-15,5.039989460807226e-15,8.460157978570931e-16,3.811022585584169e-16,4.306478395743913e-17,2.983893961407088e-16,4.725667658609544e-11,7.916447886095427e-14,7.034866067021575e-13,1.0514018300293113e-13,6.202202943949718e-14,7.150662959461367e-13,1.308925465009432e-12,5.247821735046827e-14,1.0593859220878834e-13,6.695734301532991e-14,4.143709012240718e-14,2.799983248014014e-14,1.0522461875405804e-14,6.244719868250404e-14,1.1551541000184414e-12,6.695734301532991e-14,3.5414880589736127e-11,7.997447224350053e-12
26-h11980-01-01-00000,bc_a1_SRF,1980,3.981853572963747e-10,8.402281426705383e-13,7.254794340887087e-13,2.849636894189732e-11,2.66356992196142e-11,2.0730829319996793e-13,2.5638682713497646e-11,1.299014690213886e-13,1.9725548211344456e-14,8.024049608903884e-15,1.697977491658706e-13,3.204394343892144e-13,6.587136180398326e-16,6.587136180398326e-16,7.54504388497819e-14,5.731923893451586e-16,1.1552755022251828e-16,2.7368179636807036e-14,4.838765528670752e-14,2.7368179636807036e-14,1.7885388485829853e-14,3.3075017607405066e-16,3.4339956267459337e-17,1.1033702255608931e-17,5.0102190296441236e-17,1.803205142807694e-11,1.6640490615560997e-14,3.204394343892144e-13,1.7968061619049416e-14,1.104992836001372e-13,5.316767777573913e-13,1.0866086921421996e-12,1.0225071473487354e-13,8.802530112633571e-15,4.7574513758081024e-14,4.909293092702915e-14,2.199335340367337e-14,4.5481990603838736e-14,3.109005043787775e-12,4.981452954842807e-11,4.7574513758081024e-14,4.12791488904214e-11,4.899406917487986e-13
26-h11985-01-01-00000,bc_a1_SRF,1985,4.3489075514300116e-10,2.0260588708754764e-12,1.0808661017349756e-12,1.0354858115228073e-11,6.456871939490259e-12,4.2475531221088045e-13,1.560068664344726e-11,4.2687852621184353e-13,4.434539578662107e-13,2.238242855170084e-12,3.205913051061128e-13,3.3862300457896012e-12,1.6301008602603782e-17,1.6301008602603782e-17,2.7637202767912e-15,1.964888198419516e-15,1.0058928297544176e-16,1.763889280621337e-14,8.642105821475092e-15,1.763889280621337e-14,1.385957401695126e-14,1.869279951464155e-15,5.573016485257253e-16,6.198457302772509e-16,5.895201876890469e-16,3.778415591145834e-11,1.1383262167539555e-12,3.3862300457896012e-12,4.988825071454756e-12,4.277015846951439e-12,2.270137217374799e-12,1.7291061075418387e-12,4.295604913932497e-12,4.294714660457143e-12,1.6246360565597482e-13,2.33569378783202e-13,4.588446823275192e-12,3.996492934346324e-15,5.293415338335755e-12,5.910869541787995e-12,1.6246360565597482e-13,3.235099026523614e-11,1.242205515874448e-12
26-h11990-01-01-00000,bc_a1_SRF,1990,9.315050790019405e-11,3.743427752056564e-13,5.113972394986507e-13,2.6956765791537907e-11,2.089451702256589e-11,8.025300369369275e-13,2.3783995538599453e-11,8.991443275595007e-13,1.0477581025027769e-14,1.009601827894895e-12,7.678548604776942e-13,8.746843589000965e-14,4.21989021692908e-15,4.21989021692908e-15,6.157664702325148e-16,6.885045414675747e-17,8.477911449938229e-16,1.1394859542563437e-14,3.899850934421043e-16,1.1394859542563437e-14,2.7643464941930255e-14,4.927777830636262e-16,1.8110525032283989e-16,2.1514767055271353e-17,1.2877660442670938e-16,5.940591746446842e-11,2.304940469941362e-14,8.746843589000965e-14,1.8085670646153932e-13,9.774349044849311e-14,1.0893333322518103e-12,1.0005687415836824e-12,1.0399877129514993e-13,2.5607487049806045e-13,7.173992563750676e-14,1.7626178849740871e-13,1.0842644778400631e-13,1.7751938367231622e-14,1.5730194507764203e-12,3.0084523889152623e-11,7.173992563750676e-14,9.997337013816279e-11,1.658756441510886e-11
27-h11970-01-01-00000,bc_a1_SRF,1970,2.1666944946491084e-10,7.166674741673816e-13,4.987463801344272e-12,9.884493124842791e-12,8.266579434521852e-12,3.3062586316396104e-13,5.822013579072814e-12,2.259053397546272e-13,2.8458461257216896e-15,2.745178399300783e-13,1.8370315714612735e-13,6.815010059548428e-13,3.3422850106817037e-17,3.3422850106817037e-17,2.0977542092819816e-16,1.435375554559133e-16,3.320920231429102e-18,1.0087609197200972e-14,5.212808174214536e-17,1.0087609197200972e-14,1.2985956145456216e-14,1.166462307209837e-16,5.508526397178073e-17,1.338572087037622e-16,1.885614231694173e-15,1.6135531850080246e-11,5.756135732516365e-15,6.815010059548428e-13,5.569644739550538e-13,1.8551758202598654e-13,7.127384201664469e-13,6.7245638620802e-13,4.1054013021119394e-13,2.3566741612517423e-13,3.394787117935986e-13,9.972655666442383e-16,1.1524002548305962e-12,2.8318283005922444e-15,8.872663759624101e-14,3.0297327189024593e-12,3.394787117935986e-13,5.3591591616428835e-11,2.1385178746219292e-12
27-h11975-01-01-00000,bc_a1_SRF,1975,1.3442008589669109e-11,3.9237421534413874e-13,1.1007178050589853e-12,3.2825492266205895e-11,1.88516412458695e-11,3.7997886337340747e-13,2.3104145928446186e-12,2.3512191890587933e-13,1.5006954958064198e-13,2.482994296501813e-13,2.439325850677145e-13,3.8834311954260444e-13,1.9586670294965783e-16,1.9586670294965783e-16,3.635878566966887e-15,1.5959346753960038e-17,6.379157536654475e-16,4.087835037145903e-15,2.096457135683205e-14,4.087835037145903e-15,2.5675114959288864e-15,2.1614957492849293e-18,7.052899012946036e-17,6.936838448501523e-18,3.108507871662515e-16,1.0189870265053634e-11,1.4658837005406523e-13,3.8834311954260444e-13,1.0731508899429872e-13,9.976876999590212e-14,4.742297915880868e-13,1.18196822686324e-12,1.0244311540623348e-13,7.756544829170014e-14,2.2500966713090908e-14,1.2817766826060196e-13,1.4092965299612988e-13,1.3346562314758972e-14,1.8791445121519788e-14,7.941590384750484e-12,2.2500966713090908e-14,7.641317201788148e-12,1.492344592700669e-12
27-h11980-01-01-00000,bc_a1_SRF,1980,3.759275819690516e-11,2.931370635104161e-13,3.163243090750342e-12,1.2281448763240507e-11,2.089302375475326e-11,2.4682016952508833e-13,1.1527925847941079e-11,2.8149595483136617e-13,2.3398934827280696e-15,2.0000416609175985e-13,5.473645690940578e-13,7.655813678942624e-15,3.4273321837040276e-16,3.4273321837040276e-16,1.486578469369864e-17,6.477983584875679e-16,1.0278768975091388e-16,1.5472543820430903e-14,2.967491786982308e-17,1.5472543820430903e-14,7.092594049063554e-15,1.7259886224703064e-16,1.3785766037988468e-16,2.2693573971388974e-17,1.609577289597317e-16,5.365459887990591e-11,1.911087819727398e-15,7.655813678942624e-15,7.147011248058123e-15,2.1631530129752776e-15,3.728084571094719e-13,5.194510289431338e-13,1.981077326063478e-15,1.3694869019315676e-14,1.7729843099206854e-16,5.860975106012536e-16,6.772076493211472e-14,9.679581502476208e-15,4.985394122159145e-13,6.750170426759206e-11,1.7729843099206854e-16,1.0242607231572155e-10,8.081523982491915e-11
27-h11985-01-01-00000,bc_a1_SRF,1985,1.1704846044165204e-11,3.189616641598771e-13,7.649778800940076e-13,2.5420349198323443e-11,2.1734211716123056e-11,4.0370589506689305e-13,6.87380048328421e-11,3.43706827964135e-13,1.0367672847535432e-13,7.364054612298158e-14,4.0933671669351644e-13,3.0961166776600763e-14,7.486322311036613e-15,7.486322311036613e-15,2.7271421869821407e-16,6.132333941248202e-18,2.2173904318715185e-17,1.9165571744643044e-14,3.4870394522980727e-16,1.9165571744643044e-14,3.712072655279331e-15,4.2127213778649333e-16,1.8447720426299648e-17,2.96992153124668e-16,6.038967396994138e-16,2.6287332396182486e-11,1.0650051429459902e-13,3.0961166776600763e-14,3.640539200239806e-15,1.5072380884812423e-15,6.162323298379844e-13,1.2353680844006101e-12,1.9823872174249844e-15,2.668880580445218e-15,8.548085405904646e-15,2.0714069729118383e-14,1.2835323366509161e-14,6.108167928217922e-15,5.040861799310555e-12,8.752216541407205e-11,8.548085405904646e-15,8.82169446605521e-11,1.3088405289233389e-11
27-h11990-01-01-00000,bc_a1_SRF,1990,1.4517076905220107e-10,6.41110011374112e-13,4.688619674380828e-13,1.4984921790827417e-11,9.90502982124231e-12,3.455963795295638e-13,5.2792771214741334e-12,1.34892813404807e-13,2.3110186948830272e-14,4.565944726207558e-13,1.4259625449534151e-13,4.0032533964215485e-13,3.612610798085696e-15,3.612610798085696e-15,2.7185770925076055e-14,1.4436801384390298e-15,4.597522279773981e-15,2.4510921295168406e-14,4.9626091666605094e-14,2.4510921295168406e-14,1.8033763572976188e-14,1.1115673331356007e-14,4.386918394280444e-15,1.6051661428029753e-16,5.611205937235268e-18,1.5661998160818594e-11,2.3078669969341322e-14,4.0032533964215485e-13,1.890860755020947e-13,3.046558705237381e-14,5.42007941966565e-13,5.610004319890727e-13,3.333361391665111e-14,1.4576022606632856e-13,3.552516326121842e-14,1.4342575968774997e-14,4.4128744677528967e-13,1.0901577150657052e-13,1.8948702473343835e-12,1.1605369097056518e-11,3.552516326121842e-14,5.716235065733379e-11,2.2465489024643227e-11
28-h11970-01-01-00000,bc_a1_SRF,1970,9.862268567821774e-12,9.069707361736569e-13,2.7358825429015852e-12,1.1438714016134431e-11,2.07049970647947e-12,2.8558621346857103e-13,1.1690990002902551e-11,3.0237599173970633e-13,5.3848984118646186e-15,4.94516222611295e-13,2.7943754123682675e-13,5.144837369319865e-13,1.116254131307479e-18,1.116254131307479e-18,5.764315288779626e-16,1.209406570107026e-16,2.0489444205539664e-16,2.187746473761491e-14,3.166091648475651e-16,2.187746473761491e-14,1.174797514628002e-14,8.200417602637324e-16,1.8748893624837256e-16,2.1775829301242388e-16,2.1959097564298776e-17,5.512880036482994e-11,3.70923381458004e-14,5.144837369319865e-13,1.9081169693462725e-13,3.7688970007274287e-13,7.441054015323997e-13,6.792825644144484e-13,3.975404326936682e-13,6.951426046424096e-13,6.613458078471155e-14,4.387677423346823e-13,6.630691199273708e-13,2.7995108219364207e-15,9.093813511672171e-13,2.3811664210387586e-11,6.613458078471155e-14,4.50886996872566e-11,3.849469515371736e-12
28-h11975-01-01-00000,bc_a1_SRF,1975,9.31230566169565e-11,2.3243021563258756e-12,2.3968302026364133e-12,1.4780939335225844e-11,6.706476005269645e-12,3.1788235097647056e-13,1.4654458478018788e-12,7.295473876640191e-13,2.494689684261775e-14,4.900610483042359e-14,6.991381265181701e-13,4.678635738169068e-12,2.1729224401564794e-15,2.1729224401564794e-15,5.083708092025582e-15,6.215036322445546e-17,1.662640543978117e-15,1.1756569211057179e-14,4.245505185553024e-15,1.1756569211057179e-14,1.143639585585065e-14,3.1936186645938986e-15,4.825510503105294e-15,1.2064298251320406e-16,5.334490036152288e-16,2.533848014583729e-11,2.1402836762668277e-14,4.678635738169068e-12,2.0136265163891255e-14,9.012525786342888e-13,2.9830935265368765e-12,2.758851010593491e-12,4.912771538113249e-13,9.405791112277276e-15,3.9888470253726507e-14,8.697168142518529e-15,3.678702492765008e-12,5.101895704558472e-15,8.830230345157576e-13,6.707270218179679e-12,3.9888470253726507e-14,1.2010624180032447e-11,1.2557289152818756e-11
28-h11980-01-01-00000,bc_a1_SRF,1980,3.5184891588300373e-10,3.7393281931824063e-13,2.08089666518252e-12,3.796992998932462e-11,2.2111740000987077e-11,5.5752540340060505e-12,1.7937872657078171e-12,1.4836192140366617e-13,8.967486323456667e-15,2.98709611364656e-14,1.2523938689445596e-13,4.2785938130740214e-14,1.734848787387554e-17,1.734848787387554e-17,1.4317891746644493e-16,1.8701276730030466e-17,2.3537389188363596e-16,1.6792753325344088e-14,9.207239269117618e-16,1.6792753325344088e-14,1.0239763595583434e-14,1.5207454715021007e-16,1.201641736699568e-16,5.882395381967305e-15,5.523473133270266e-16,1.613040720028521e-11,7.550441561819663e-15,4.2785938130740214e-14,2.890685518723982e-14,1.1365257373100466e-14,8.07059369317977e-13,1.2432242012566584e-12,1.2466906082719856e-14,1.2559386179368227e-14,1.2402115957835418e-14,1.8304482904592747e-14,6.951684442414505e-15,1.0782296346683876e-14,1.6475616217833835e-13,2.9452301278388278e-12,1.2402115957835418e-14,4.855721370135148e-11,5.518937555761397e-12
28-h11985-01-01-00000,bc_a1_SRF,1985,1.2734962827139847e-10,1.1091042892600895e-12,2.4951512003001295e-12,1.8313951093377103e-11,1.3539659979557427e-11,3.2341605132944796e-13,1.5179634824604602e-11,1.919805475222901e-13,1.0687543363528955e-14,8.621502382447894e-15,1.9298732624720925e-13,8.437771504459687e-13,6.615571315583865e-17,6.615571315583865e-17,4.957930625580959e-16,6.613656545133936e-17,1.5478064560440864e-16,1.045160324509365e-14,2.4113847770957316e-16,1.045160324509365e-14,3.874187038365736e-15,6.590551675021332e-18,7.68582112320693e-17,5.974780428571107e-16,4.628526481914511e-16,2.564124390413911e-11,1.240463129448583e-14,8.437771504459687e-13,9.345613209083692e-14,6.144335248160953e-14,1.0277299788867627e-12,1.4652948162075958e-12,6.215137494696413e-14,1.1017853912535388e-13,7.555501083008538e-15,8.726352631213936e-16,1.826418008265462e-13,4.5145166589044055e-14,9.264914767134897e-12,2.494228657784077e-11,7.555501083008538e-15,9.513771253192745e-11,1.8730690729989402e-11
28-h11990-01-01-00000,bc_a1_SRF,1990,1.6265402225641548e-10,5.920484149164234e-13,3.8108939367319085e-13,3.343592296320443e-11,1.2605936156212922e-11,8.225007141146903e-13,5.1887898002273476e-11,1.7975898319646046e-12,1.0353095853361162e-12,1.2138111239901321e-12,1.6092440907717451e-12,5.155845382182554e-13,1.1560904624632634e-16,1.1560904624632634e-16,1.7824301764885857e-15,4.389244050364098e-16,4.473378836471088e-16,6.929681298922209e-15,1.2277234823507067e-14,6.929681298922209e-15,6.627512669127216e-15,4.453753947246582e-16,1.7557404918593006e-16,1.6678776338583104e-16,1.7633257153082495e-16,4.119614688353692e-11,1.5517100927850125e-12,5.155845382182554e-13,1.460020843421499e-12,9.758814720974185e-13,2.2580577618119365e-13,5.294358447361306e-13,1.0708198705931214e-12,1.494770083900864e-12,4.797550311054223e-13,5.658857466184389e-13,9.152988770892495e-13,5.362454864411096e-13,2.575378196168487e-12,6.8751431809151e-11,4.797550311054223e-13,1.115944750261356e-11,8.629462670624274e-12
29-h11970-01-01-00000,bc_a1_SRF,1970,6.316041476726769e-11,7.373604680092152e-13,1.0866263260114388e-12,2.970498351464222e-11,2.01358947533139e-11,1.4433242372057577e-13,4.187409295162663e-11,7.165392979372608e-14,8.61834910981518e-14,4.958925354267734e-13,5.2451588555507284e-14,5.315155701507593e-13,4.813293288456174e-15,4.813293288456174e-15,5.5481022176706016e-14,8.990906657184431e-17,2.1544850652928655e-15,1.1188332963188635e-15,7.220874573741851e-14,1.1188332963188635e-15,2.8641493879844595e-15,1.1565506754480078e-16,2.1189947018919761e-16,3.8226525486223083e-16,3.48548090150796e-18,1.5260970983707795e-11,9.278775356883803e-14,5.315155701507593e-13,7.639453089561367e-14,4.7216843925383603e-14,8.734897338935938e-13,1.0364254707619543e-12,4.4164589898407904e-14,1.0226757364982908e-13,5.583051557798275e-14,3.624825316815226e-14,1.0558817470721086e-13,7.359919794181492e-14,8.537363350256065e-14,4.768256075534769e-11,5.583051557798275e-14,7.685840592936603e-11,1.7292037422012458e-11
29-h11975-01-01-00000,bc_a1_SRF,1975,5.530950661745439e-12,9.33622214875399e-13,8.854220020110773e-13,2.686956071799666e-11,2.1410129977636782e-11,2.484146432481814e-13,4.476367790184077e-12,1.756963762094453e-13,7.769674041781822e-14,1.0981530778377658e-14,1.3509918548115185e-13,5.020667726151762e-13,1.8053020215586427e-16,1.8053020215586427e-16,8.242212166163528e-14,5.847434820227394e-17,3.107484314770413e-17,5.842193615637223e-15,1.2101078241275298e-13,5.842193615637223e-15,3.964208929153137e-15,8.516577674495038e-18,2.6774588342624492e-17,3.7860205070604536e-16,3.141451233526097e-16,6.406319109389055e-11,8.496583340196184e-14,5.020667726151762e-13,6.048433846212783e-14,3.0614236340395225e-14,1.1695338071397411e-12,1.2411062220052178e-12,3.378123946759336e-14,1.2396958073680416e-14,1.6798693923654556e-14,8.486966237283699e-15,3.0394261505258663e-13,7.413942879322874e-14,2.735387809171083e-12,1.2078217201281398e-11,1.6798693923654556e-14,2.3412801811474493e-11,3.6421037984703014e-11
29-h11980-01-01-00000,bc_a1_SRF,1980,2.034094025727353e-10,8.175396981435086e-13,5.784735925383411e-13,2.0668210480449996e-11,1.4047713337375918e-11,1.1468371030474012e-13,1.8086202830164945e-11,2.5193276192134626e-12,1.2537789334911724e-14,5.6631038737269374e-14,4.124514769767951e-12,3.8256139957497274e-13,7.27862428528022e-15,7.27862428528022e-15,6.669517358669215e-15,1.5946986984459717e-15,1.6263151362035022e-15,1.4396879172859257e-14,8.221745062984785e-15,1.4396879172859257e-14,9.561939570520506e-15,3.721093604126585e-16,1.6144872777452596e-15,3.3302385665774064e-16,3.81530239601465e-16,4.3975611625910405e-11,2.4337045886529536e-14,3.8256139957497274e-13,3.59849274734894e-14,1.5036801068467197e-14,1.7760893100620358e-12,8.041691661410921e-13,1.700310502899792e-14,6.118924474629e-14,1.0933050958501493e-14,2.392091216015295e-15,2.1354873577887922e-13,3.913349402643397e-14,2.3591756285633696e-12,6.312270702775248e-11,1.0933050958501493e-14,7.423440722572135e-11,5.829807853434472e-12
29-h11985-01-01-00000,bc_a1_SRF,1985,1.0555573111201032e-10,8.292547415628432e-13,1.9855800013021516e-12,3.3659451452974575e-11,1.955979111318435e-11,1.9183726372911757e-13,1.1856168476271395e-11,2.660295746977555e-13,2.5737430120677283e-14,2.010188257692559e-14,2.9141236388159934e-13,3.9922452227296165e-13,4.680454777292557e-17,4.680454777292557e-17,4.1634530229856745e-14,7.253820222364588e-16,4.2705198942753187e-16,2.4678328778502578e-15,1.5268738820333928e-13,2.4678328778502578e-15,8.693726542701186e-15,3.626990578557493e-15,2.564849078444667e-16,2.914963072753166e-16,1.4952273697975287e-15,5.897376819351821e-11,2.553259142015076e-14,3.9922452227296165e-13,3.1114965526552077e-13,1.6343512645090808e-14,5.262978664814828e-13,1.0594752929841103e-12,4.8992478921405444e-14,3.6413319391591106e-13,4.240698231089593e-14,9.552000332143785e-14,5.198890818378279e-13,1.5021730561314605e-14,8.443383120700234e-12,2.2057758218383143e-11,4.240698231089593e-14,1.6593886543137116e-11,1.9384558024967503e-11
29-h11990-01-01-00000,bc_a1_SRF,1990,7.86763698123627e-11,5.958835024566654e-13,1.0311334086545088e-12,3.8509196476700386e-11,1.588707639076257e-11,2.546935825028135e-13,5.6732057947514446e-11,1.9853739367226266e-13,1.3975858798949551e-15,8.521899348148843e-18,2.2621867159357745e-13,7.621517349046517e-13,2.8359988807788907e-14,2.8359988807788907e-14,4.706918516857536e-16,4.119978350717156e-16,9.73676955249417e-16,7.071445025515685e-15,1.5468133869379873e-16,7.071445025515685e-15,1.0438201725668882e-14,1.9153697545544976e-16,1.2466865729413966e-15,1.1629406923611615e-16,3.726747204940386e-17,5.367674905884678e-11,2.0015600605833328e-15,7.621517349046517e-13,1.0958980008746697e-16,4.558376678073056e-17,2.547665586187498e-13,4.529503126218714e-13,5.861629223122334e-16,4.958390356677834e-17,1.2591880742476116e-16,4.1195873925972146e-16,7.395700212022618e-13,7.141299686382455e-15,6.927648478300112e-13,6.267081972887316e-11,1.2591880742476116e-16,6.233400952783235e-11,3.279090000190097e-13
30-h11970-01-01-00000,bc_a1_SRF,1970,1.1167263799839271e-10,5.442741018279886e-13,2.446380596300677e-14,1.8326213182057685e-11,1.7538369505937568e-11,3.0143781808749596e-13,4.141158107259524e-12,8.96155722059278e-14,2.9828757314344904e-15,2.713154288136028e-14,8.275889572413647e-14,1.4724063860798188e-13,4.1643972344080456e-17,4.1643972344080456e-17,2.582713526827053e-15,7.799701874508895e-17,5.261587946979337e-16,1.2360851616450943e-15,4.5912462033182745e-15,1.2360851616450943e-15,5.351112238028913e-16,1.3802890502873611e-14,3.5074671175782665e-17,4.315390401898724e-17,1.805440895943739e-15,1.3984997148291464e-11,2.9225968275222928e-15,1.4724063860798188e-13,6.161691940862986e-14,1.3655894408358459e-13,2.3279207415390767e-13,5.511197987920119e-13,1.165350032017451e-13,9.09729293157459e-15,9.519778419137064e-15,2.4987970377725763e-14,1.7724133473223709e-13,6.471047983954964e-14,2.9113306171320633e-13,4.052482655313995e-12,9.519778419137064e-15,3.159100425259545e-11,6.23026793548042e-12
30-h11975-01-01-00000,bc_a1_SRF,1975,1.792623277645251e-10,5.744611302627929e-13,2.07051857477616e-12,2.06184849366934e-11,1.21584281455536e-11,1.0762894062298946e-13,4.2096439401610684e-11,2.0120561838244176e-13,2.4713280456892723e-14,3.438084615477341e-14,2.480848983795394e-13,1.6744396932400378e-13,3.597744641449066e-17,3.597744641449066e-17,3.435372657490602e-16,1.3441381663305836e-15,2.4326950487878193e-15,8.573574889327886e-15,3.233098649552493e-15,8.573574889327886e-15,2.7475212856023876e-16,1.3199200344018282e-15,7.823149105378723e-16,1.9525500402465737e-18,4.345759856442132e-16,4.17757351732711e-11,2.4693548201830456e-14,1.6744396932400378e-13,1.0451013617553834e-13,2.061439310335088e-14,1.2905856530770412e-12,1.3602898821018316e-12,2.475479685112454e-14,1.8666818112283498e-14,8.773481795661713e-14,4.742011314256197e-14,3.5538796043291476e-14,3.0786877608844097e-13,1.4246800465575679e-12,5.1180699089668964e-11,8.773481795661713e-14,1.1506482333569086e-11,6.359490378605282e-13
30-h11980-01-01-00000,bc_a1_SRF,1980,2.968308201595587e-10,3.0392895410061763e-13,1.1242584515363299e-12,1.3127654201159068e-11,9.002266099500872e-12,2.1180230415492406e-13,1.2830382410467911e-11,3.198148338350087e-13,7.035878962265311e-14,4.110428253639596e-15,2.7274268567529984e-13,2.214501044681494e-14,6.400254009129018e-17,6.400254009129018e-17,3.263963978160891e-14,2.008667336647721e-15,1.9097912893580506e-15,5.7879434698284765e-15,3.566973915096027e-14,5.7879434698284765e-15,4.92053186340195e-16,1.4279960272987131e-15,2.36620944901572e-15,7.336499739022594e-16,1.7538995719045355e-16,2.8639835294286075e-11,7.169322818972147e-14,2.214501044681494e-14,7.0395793893119595e-15,6.114603028618849e-15,7.003961353931467e-13,9.827823200426184e-13,1.0732151279086295e-14,1.8218151762992252e-14,5.191365879656316e-14,1.5746271125708033e-15,2.001003921774332e-14,2.0910482580694574e-14,4.272559759502529e-13,1.7217880359658192e-11,5.191365879656316e-14,1.0026959249617031e-10,7.380656329020496e-12
30-h11985-01-01-00000,bc_a1_SRF,1985,2.286401594398383e-10,5.108603043019863e-13,4.248877823741855e-13,2.7355532069089226e-11,2.399929125520777e-11,4.624010519927535e-13,4.255876331951839e-11,3.5531242243851933e-13,7.262804181621912e-16,2.0432046542955775e-14,3.0264227552031096e-13,4.515750291618026e-14,1.814501741396763e-16,1.814501741396763e-16,2.247882862404135e-15,1.6623850178401205e-17,1.8309377422443756e-16,2.2909795024266244e-14,1.198438017545478e-15,2.2909795024266244e-14,1.526981522587863e-14,2.0001464337053607e-15,2.656226365459103e-16,6.430484377598978e-16,4.023140863229605e-16,5.758776580838123e-12,2.5736816160426586e-16,4.515750291618026e-14,5.3359754088839514e-14,5.387439735926145e-14,5.78902646761657e-13,8.396997742799323e-13,5.564432464493029e-14,3.7300552841851177e-14,1.1925243844831126e-15,6.822655540671712e-15,3.5473056011283473e-14,3.797636856332171e-15,1.4766804131688122e-13,4.6267218600511846e-11,1.1925243844831126e-15,9.575230568392819e-11,4.633461138084202e-11
30-h11990-01-01-00000,bc_a1_SRF,1990,9.105503504909516e-11,2.7638014150380015e-13,2.2567185695940525e-12,3.7036326570155784e-11,3.814900829344588e-11,9.776204360394392e-13,5.563330074166578e-12,5.133244574779302e-13,1.2141215449903798e-14,1.8325109485819662e-13,4.193736514640282e-13,1.1136069752241071e-13,3.4688620447464192e-15,3.4688620447464192e-15,4.441765370626516e-15,6.795328160814558e-15,1.1342748224379142e-14,1.019761565787203e-14,7.650872380052371e-15,1.019761565787203e-14,8.421145538757616e-15,9.028819599681256e-15,1.0239017561168376e-14,2.99734139459417e-17,1.7550829158228846e-16,5.357928470693745e-11,2.8040481347160255e-14,1.1136069752241071e-13,9.172989652529664e-14,1.998984310852945e-15,5.379097393534832e-13,6.495669363929906e-13,4.224985574274506e-15,8.757408239334655e-14,1.1739545948313667e-14,2.6794625584174956e-15,2.902942337441666e-13,8.9513069656353e-14,1.7984883208807398e-13,1.2188862788079327e-11,1.1739545948313667e-14,8.341699484611439e-11,2.538431220694372e-12
31-h11970-01-01-00000,bc_a1_SRF,1970,8.681306738287571e-11,9.33054435522604e-13,1.1535368387049113e-12,1.2303739318546805e-11,8.153846859866408e-12,6.470745684566491e-13,5.023088531243245e-12,1.1056233899685867e-13,3.249048008471055e-14,9.061174839206129e-13,8.411806627271878e-14,1.0820629172358271e-12,9.842342500112407e-17,9.842342500112407e-17,5.894145740445382e-15,8.084843445965912e-16,2.3102112051223893e-15,7.01117733782701e-15,1.3285704420199777e-14,7.01117733782701e-15,7.159638288245136e-15,2.541219631019748e-16,1.7658686957271604e-15,4.801482069975951e-15,9.838446299701294e-16,3.05478789551892e-11,5.289122485810488e-14,1.0820629172358271e-12,1.4259649852120909e-12,2.143821238669749e-12,5.135646184933378e-13,8.154753775076396e-13,2.200234852380174e-12,9.450539084155909e-13,3.0413677724443076e-13,1.973326296393889e-13,1.5311378892511396e-12,1.1736800448708085e-14,3.378948591869227e-12,1.0600936465055427e-11,3.0413677724443076e-13,6.294250098657843e-11,1.1314979561815364e-11
31-h11975-01-01-00000,bc_a1_SRF,1975,1.577821662092753e-10,6.575932365366737e-13,2.3473482406674526e-12,7.059873953883118e-12,2.218172139053322e-12,2.09883219329489e-13,2.6447170534943632e-11,1.0912071229706491e-13,2.9284646236174794e-14,1.3004560297595736e-12,1.4889445721089098e-13,3.274772781149052e-13,8.955029942892624e-15,8.955029942892624e-15,4.763309583990945e-14,3.684677185852472e-16,2.3462453866497527e-16,6.8586917523666e-15,1.3284742659070304e-13,6.8586917523666e-15,5.752069137165987e-15,7.123171427831024e-16,1.199003100862012e-16,1.322115417468858e-16,3.6338281599616087e-16,6.262773430715367e-11,3.16251861296414e-14,3.274772781149052e-13,1.2387010156837914e-13,1.2306771177773339e-13,1.3450666687309493e-12,7.383319293225746e-13,8.486760998400476e-14,1.0220468852174408e-13,3.4035950993312564e-14,1.580685081069051e-14,1.0672777401308568e-13,4.49301757754306e-15,1.160746521898072e-13,4.898187703652557e-11,3.4035950993312564e-14,2.448705438011138e-11,2.8747853350031046e-11
31-h11980-01-01-00000,bc_a1_SRF,1980,2.736458151894124e-11,5.696677074110214e-13,1.834187238025628e-12,1.361416623251844e-11,5.222284537237561e-12,1.428011208646014e-13,1.1364043113295159e-11,2.0541173543675018e-13,1.4599290106814992e-14,5.708916074565912e-13,2.1189411885920814e-13,6.4654418861403474e-15,9.531130595770279e-17,9.531130595770279e-17,1.8361287274919504e-14,2.6607334901735994e-15,2.232123367612761e-16,1.0273310768157034e-14,3.934612952071701e-15,1.0273310768157034e-14,9.404859175799662e-15,3.1725977817798116e-17,5.160984926738851e-17,5.526238191403068e-16,4.097840922830253e-15,8.327187856915852e-11,1.8975593964798095e-14,6.4654418861403474e-15,1.5492375255644185e-15,2.955081920391386e-15,8.312746023769788e-13,7.429099882535807e-13,2.1494636860955075e-15,3.124936377349729e-15,1.4721369174638938e-14,5.3800848543023365e-15,2.626254309853671e-15,4.314487835913796e-14,1.6491578451325441e-12,1.3651236451474836e-11,1.4721369174638938e-14,1.357849907794338e-11,2.900481335165202e-12
31-h11985-01-01-00000,bc_a1_SRF,1985,2.0546778822704206e-10,3.186677933829695e-13,1.1291247983408105e-12,2.4345693459823835e-11,1.561546348651922e-11,1.8793648788882555e-13,1.185603813449722e-10,7.347075543672386e-14,1.838849439534539e-16,1.1545927604576908e-13,7.707555315472624e-14,1.7452399692206847e-13,5.3877742354989844e-17,5.3877742354989844e-17,3.163776143463943e-14,9.773238831487787e-16,2.4170575943081515e-15,1.5759182091063076e-14,3.326463728596443e-14,1.5759182091063076e-14,1.3484007443983452e-14,4.002606376949981e-16,9.216208550681974e-16,1.3009047074966122e-16,2.7804869514124174e-16,8.625082152173463e-11,3.442325597413928e-16,1.7452399692206847e-13,2.912751958748194e-14,2.8274010603979188e-14,5.486521530917648e-13,8.286336102515987e-13,3.42645086021081e-14,1.2702712498377425e-14,1.4789264728399963e-15,9.923143146464192e-15,2.8874856695298024e-14,2.6499577410688795e-14,1.405796639357114e-12,1.1269302264999443e-10,1.4789264728399963e-15,7.623929523333486e-11,1.92750854906549e-11
31-h11990-01-01-00000,bc_a1_SRF,1990,6.9130742064219e-11,1.6302307283869803e-12,1.9092481456346197e-12,1.0677789810429104e-11,6.218843619031311e-12,5.679707202916363e-13,1.6592439532687558e-11,7.420272138221699e-14,7.347324596816877e-15,3.4005337304457545e-14,8.980212046864455e-14,3.0503227476741706e-13,5.004328186752104e-16,5.004328186752104e-16,3.227359614588893e-15,9.654817491992682e-17,1.9433580069963327e-17,2.898121588423615e-14,1.4724559096055527e-14,2.898121588423615e-14,4.104287608747227e-15,2.138868947918762e-15,1.3235125377989817e-16,8.552933207950894e-17,9.921454340063202e-17,4.80055941135519e-11,8.864065771497613e-15,3.0503227476741706e-13,3.136518737898761e-13,1.9272006913524516e-13,2.5496126747597876e-12,2.7028636331710203e-12,1.916292400298055e-13,1.6281153407943254e-13,2.0144214826408717e-14,2.8024814821992184e-14,8.881736058861135e-13,4.9910968527705804e-15,1.4837819919446503e-12,2.6911292344146733e-11,2.0144214826408717e-14,2.040960021024787e-11,8.003587216551606e-13
32-h11970-01-01-00000,bc_a1_SRF,1970,2.0483181130743033e-10,5.643092198634396e-13,2.362564113236696e-12,3.908781421799038e-11,1.2766333407220343e-11,6.994690718577335e-13,8.848587115467811e-12,2.749404826095256e-13,1.3038758161970882e-13,3.2618005968416916e-12,2.79823658519839e-13,6.468061482027365e-13,1.474296235932296e-15,1.474296235932296e-15,8.719258308172444e-16,2.080006064369922e-15,8.425662720278189e-15,1.3755305839359786e-14,7.186979254678502e-16,1.3755305839359786e-14,7.792021887122451e-15,3.637465525519793e-17,1.4103430168030607e-15,5.004317050189874e-17,7.18523280888642e-18,4.3549580375402134e-11,2.42051380891775e-13,6.468061482027365e-13,4.243202190837917e-13,3.5235828746984885e-13,3.4980865691731113e-13,4.423570916319177e-13,3.6018307565319126e-13,1.042340984985638e-12,4.650390578635982e-13,3.318208455162288e-13,4.37303520898908e-13,6.604850146838646e-15,3.520551850689023e-12,1.371709333187622e-11,4.650390578635982e-13,2.2158133607258978e-11,9.865824897123892e-12
32-h11975-01-01-00000,bc_a1_SRF,1975,2.560039576382275e-10,4.330105600099172e-13,6.667618296815112e-13,1.6242094609826622e-11,4.4123178635593525e-12,1.5640765042513877e-13,2.333750335821427e-11,3.5238858755213714e-13,1.2416488067932189e-14,1.332430024263316e-13,3.1447383158546103e-13,4.106254563321663e-14,8.935556130448513e-16,8.935556130448513e-16,2.0543982890905395e-15,3.5003233220472223e-16,7.773688345071972e-16,7.345249084111188e-15,1.1671968638014863e-14,7.345249084111188e-15,4.791321123098746e-15,4.445837870363091e-15,1.0011017557779793e-15,1.406236226289336e-16,1.9850520129432852e-15,5.126823265338213e-11,3.808269544232655e-14,4.106254563321663e-14,2.0163581696121393e-14,7.598672814635769e-15,1.0878663293452684e-12,1.2713761931795923e-12,7.52344169184385e-15,2.5816810915620522e-14,3.845484926176639e-14,3.6867197173846495e-14,1.1938660142517006e-14,2.9346186676798747e-14,2.210474797738908e-13,4.279986655026017e-11,3.845484926176639e-14,1.1805454945896448e-11,1.4999612292106501e-12
32-h11980-01-01-00000,bc_a1_SRF,1980,4.946137925345751e-10,3.7073460739304103e-13,1.198308373868224e-12,1.2216591218217017e-11,7.1219106735371536e-12,1.9850328359544706e-13,2.8312045341241718e-11,5.274898248167857e-14,2.1654920810662145e-14,7.077300034903075e-14,6.1180858987028e-14,5.76918439331527e-14,1.8084890268119163e-17,1.8084890268119163e-17,2.4436736086384455e-14,6.337986232483457e-15,1.581439755031524e-15,9.341146643079232e-15,1.9561696596938902e-14,9.341146643079232e-15,4.8961761855947945e-15,1.3109640535194459e-14,4.8534722942745006e-17,9.012255289697598e-16,8.79820919973694e-16,1.7252333394263772e-11,2.594105189950042e-14,5.76918439331527e-14,4.739556188426573e-14,3.131543298182393e-14,6.501611660765131e-13,8.694803809596856e-13,4.2701765627712155e-14,4.7260566192630945e-14,4.945760173002295e-14,7.42180873076741e-14,1.0775084815562592e-13,1.0206562178279624e-14,2.8152136771364288e-12,3.890190182117258e-11,4.945760173002295e-14,6.82381655985803e-11,7.0054791374404366e-12
32-h11985-01-01-00000,bc_a1_SRF,1985,3.435226260777009e-11,1.0950896489612784e-12,5.989092115046906e-13,1.3514381660846591e-11,9.108115422780308e-12,8.330714317970045e-13,1.656675082839805e-11,1.7127839787112924e-13,1.4716665097193965e-14,5.509148026902267e-12,1.9083172071302174e-13,7.985831967142743e-14,3.590092614683145e-16,3.590092614683145e-16,1.0682428409583475e-14,1.2401193748628045e-15,1.9468148764686072e-17,7.532154902748337e-15,8.886714531090211e-15,7.532154902748337e-15,2.380040963243371e-16,3.111126124962273e-17,7.952074738404777e-17,1.1868527583194772e-16,3.7830427306835026e-17,1.3445937302378007e-11,1.6844958130074238e-14,7.985831967142743e-14,4.498191424346832e-14,4.8637680813489524e-14,1.2191434538167444e-12,6.248171417881729e-13,4.9827130513785366e-14,6.340792927543993e-14,1.166006627772718e-13,1.253065176869428e-13,1.1164760895216906e-13,3.059339877936623e-14,2.1249195314006995e-13,5.978731444655543e-11,1.166006627772718e-13,6.799958282819816e-11,1.9266108256578053e-11
32-h11990-01-01-00000,bc_a1_SRF,1990,1.7665502685108572e-11,1.3786436290598185e-13,6.020760137722026e-13,1.8318892432474363e-11,7.69339134437175e-12,5.924761768567098e-13,4.392454944321583e-12,6.949244324497556e-13,1.3662120936028488e-14,3.879243539222313e-14,9.308837011581365e-13,1.4651029173708872e-14,1.114212172111293e-15,1.114212172111293e-15,1.1693957000288008e-14,7.365199225224841e-15,1.1068361549275188e-15,1.4197462867828565e-14,1.123005658139977e-14,1.4197462867828565e-14,9.806890521546441e-15,4.247338851253165e-17,2.9823521707115285e-15,3.9172868120320574e-17,2.836311221610165e-16,1.8753949100246017e-11,1.5833745715223278e-14,1.4651029173708872e-14,2.1365800316511335e-14,2.271388335852826e-14,3.3371821301773403e-13,4.784896189699446e-13,2.114145389771306e-14,2.4559619740603463e-14,2.9120551501653034e-14,2.3489532955526778e-15,1.948657426965896e-14,5.833109999840703e-15,6.059127143597429e-13,8.946359392377803e-12,2.9120551501653034e-14,4.826217308922218e-11,1.0334557756462916e-11
33-h11970-01-01-00000,bc_a1_SRF,1970,2.2025977353346828e-10,4.67636309973733e-13,3.2520989554358417e-13,5.798928033963581e-12,2.4588388179818077e-12,4.4852124244723517e-13,6.280718297432214e-13,9.551149586239771e-14,6.790521936090653e-14,1.3461819686400462e-13,1.0607973812818427e-13,4.360597262410439e-14,1.5602489184588563e-15,1.5602489184588563e-15,3.2624426574399205e-15,2.606851893043402e-15,1.9582062772580325e-16,2.375550595384466e-15,1.5456848109778612e-15,2.375550595384466e-15,3.5331843970626527e-15,7.530431296867128e-16,1.7619514171612748e-16,4.3928915858411435e-17,4.881685229467427e-16,1.3817386336498872e-11,1.1752529709136379e-13,4.360597262410439e-14,6.537220513289362e-14,6.964598648272522e-15,2.994752304299051e-13,4.447075974990586e-13,7.166304346032862e-15,7.123157031712529e-14,4.8634264046035006e-14,1.6844582227129828e-14,7.267192222714111e-14,1.1599053508378455e-14,5.273931471932537e-13,2.5669334952213342e-12,4.8634264046035006e-14,5.239233091484551e-11,9.942349197019562e-12
33-h11975-01-01-00000,bc_a1_SRF,1975,3.770152470331161e-12,8.198772437361183e-13,3.7886596224890734e-13,7.364400569711724e-12,2.866919364002546e-12,1.5987462601629766e-12,1.2818328424941634e-12,2.144962199718347e-13,2.3987370939624014e-16,1.4071854611578968e-12,2.2064836072585217e-13,4.2288113820416957e-13,2.1348786776540467e-15,2.1348786776540467e-15,2.0274163585440858e-15,3.771391438802924e-15,8.852996733942273e-16,3.113281203032717e-15,2.1810602997362463e-15,3.113281203032717e-15,5.64758874522979e-15,1.2971769571203594e-15,8.350365348493246e-16,2.6927444533734192e-17,2.300703050707442e-16,2.0643741346025315e-11,5.317257620909894e-16,4.2288113820416957e-13,2.7735255243583656e-13,2.951669094181928e-13,4.587957444346159e-13,1.0469320268495197e-12,2.839594072989894e-13,2.4443764577863533e-13,8.622206860418774e-15,2.588139631468038e-14,5.314984881613195e-13,1.6108918948589332e-15,7.149358669590897e-13,2.1108397728198682e-11,8.622206860418774e-15,3.446808564300116e-11,3.960476015853016e-11
33-h11980-01-01-00000,bc_a1_SRF,1980,4.855102774603604e-10,6.931300082914224e-13,1.459331083765031e-12,1.4242721220527247e-11,1.3179814793447648e-12,5.645801627778799e-13,9.124271021592941e-12,3.224232724452157e-13,5.06181867296185e-15,8.383587141416727e-15,3.1480544855641155e-13,2.0074044472340202e-13,1.1793828547540891e-15,1.1793828547540891e-15,1.4092875032384742e-14,6.157668511051607e-15,8.023098573612105e-17,9.166267197406191e-15,1.0453051004967453e-14,9.166267197406191e-15,1.3100408110696375e-14,2.3624208416815405e-16,8.542334259921855e-18,4.695144277270043e-16,1.0606748974310245e-16,2.205373148945026e-11,4.461796413824716e-15,2.0074044472340202e-13,2.6170493209766397e-15,7.759729662064415e-14,4.761881285880796e-13,7.312778037804388e-13,4.363028391102161e-14,3.259129891641282e-14,1.454265500511331e-14,9.464771468842961e-14,6.290209459423421e-16,9.434007120697653e-14,7.090198164620948e-13,1.9245734062997408e-11,1.454265500511331e-14,3.81272491062531e-11,5.472327669776418e-12
33-h11985-01-01-00000,bc_a1_SRF,1985,1.061861034692028e-11,1.3401226116633925e-12,4.296452753088188e-12,5.29197118345261e-12,6.278711038624964e-12,4.985378506017452e-13,5.95243107936119e-13,1.912285343067384e-13,2.1765739497129637e-14,2.9584167169872767e-12,1.8155443697001563e-13,1.0739746644059639e-12,8.43271977030774e-18,8.43271977030774e-18,1.3143101382586953e-15,2.0158467723265886e-15,4.542237129923426e-16,3.631925685251978e-14,4.869733309141614e-16,3.631925685251978e-14,1.7818362727672753e-14,2.837532627879563e-15,3.5470776504290033e-16,1.4391143965033188e-15,1.0453941693032842e-15,2.560302683723273e-11,2.0602615422536615e-14,1.0739746644059639e-12,1.0070391987581339e-13,2.568513579007148e-13,4.781676473590475e-13,6.785388926249548e-13,1.743002949516684e-13,1.429995399503755e-14,8.672498357029013e-14,4.8893215826841165e-14,6.920076860984512e-13,4.977853258277284e-14,8.819190489981708e-12,1.4625247922642427e-12,8.672498357029013e-14,6.895123039996423e-11,5.030142456455458e-12
33-h11990-01-01-00000,bc_a1_SRF,1990,8.907790313375326e-11,2.718938838216339e-13,3.178787461119258e-12,1.9190047712284933e-11,1.877240058540212e-11,4.5135446826679843e-13,2.0744131160781834e-12,5.716617532655343e-13,9.975916404244746e-14,4.181346340931668e-15,4.165875981104372e-13,2.5898773335828274e-13,1.854346063267819e-15,1.854346063267819e-15,4.2338612809618166e-17,7.901875923204267e-16,1.2662008037693597e-17,2.0138048832808742e-14,5.933203718116065e-17,2.0138048832808742e-14,2.2376862395344088e-14,1.5134483185838696e-17,4.047873892198796e-16,4.937055267910877e-17,1.1355864027474198e-16,3.262506093718409e-11,9.492093926216914e-14,2.5898773335828274e-13,5.1739345481569906e-15,9.040937598726952e-15,1.0896562697202107e-12,8.15125433073657e-13,7.972724561849606e-15,1.347203774393841e-14,1.8654407979530848e-14,3.824812131393425e-15,6.6246696673862495e-15,1.6158869189839925e-14,7.382522086212847e-13,3.569625995023886e-12,1.8654407979530848e-14,3.2200828388813296e-11,8.676757659494691e-12
34-h11977-01-01-00000,bc_a1_SRF,1977,4.716884005828623e-10,3.5385951084214223e-13,1.501746424799452e-12,1.9521559269784478e-11,1.3530602825122837e-11,1.5185918181282982e-13,1.7297904564811628e-12,1.3645467486062172e-13,6.359340367468875e-14,2.1857990991068468e-13,1.68726771077494e-13,2.3102619129245493e-13,3.0705625640802216e-15,3.0705625640802216e-15,1.0115063252082117e-14,1.033732023785883e-15,9.011185861164456e-16,2.5703758830714175e-14,5.077423437556391e-15,2.5703758830714175e-14,6.9393632545150835e-15,5.480223265729135e-15,1.667775839126142e-16,2.5055824420554997e-15,7.767986946736961e-16,2.237322441506709e-11,5.720208420418986e-14,2.3102619129245493e-13,3.77410182199409e-13,6.198830541737769e-15,5.078872672061701e-13,9.385642190915933e-13,9.654901256185248e-15,3.4489648960391164e-13,5.843542430986552e-15,1.923489408814652e-13,1.3867915924477842e-13,1.7290862836828732e-15,1.1932412369932013e-13,3.512298778758466e-12,5.843542430986552e-15,5.943539568251973e-11,4.594524356729936e-12
34-h11982-01-01-00000,bc_a1_SRF,1982,1.9848809336805818e-10,6.972857414863504e-13,5.785377863967594e-13,1.1381366797471389e-11,5.551973725609046e-12,1.8014618887480913e-13,2.683935145417231e-11,8.30831375998944e-14,4.9462932153516365e-14,4.4620810842569436e-14,7.311770201998955e-14,4.041500418584633e-13,1.818614736592565e-18,1.818614736592565e-18,7.635573173707966e-15,5.095212969912648e-15,2.2987768036064746e-16,1.3122149936000336e-14,1.8573661694893082e-14,1.3122149936000336e-14,5.614593188308955e-15,2.005453556791885e-15,2.6928761417841046e-16,1.9134789851878674e-16,6.271441220578283e-17,1.6316140471968914e-11,5.389364274704311e-14,4.041500418584633e-13,2.2304616552380467e-14,8.22579151217471e-14,5.657202741836534e-13,9.938482549862403e-13,8.63653166698322e-14,3.37790207040759e-14,2.8748475980403225e-14,4.465364613455272e-14,8.812775282651777e-14,1.1662048590569688e-14,4.934699880437224e-12,5.020618792939768e-11,2.8748475980403225e-14,5.487478380854122e-11,3.0181755552414617e-12
34-h11987-01-01-00000,bc_a1_SRF,1987,1.7725074798518318e-10,1.4268465641462093e-12,1.4172939756092536e-12,2.7783789180092687e-11,2.287533308885616e-11,1.7095362363759318e-13,5.036874978051372e-12,4.584015639201411e-13,3.0616091397142604e-14,1.1901185254946895e-12,7.855396014634624e-13,6.005077005415407e-13,1.395667497092192e-15,1.395667497092192e-15,5.318509937848337e-17,8.765073962961129e-15,4.204615182847307e-16,1.00352694506074e-14,1.704814188875276e-17,1.00352694506074e-14,2.2369877857405437e-14,4.483420626025549e-16,1.5902125707324508e-15,9.298372946240037e-17,1.0367969856421186e-16,5.225169138654469e-11,5.266806448596694e-14,6.005077005415407e-13,4.880240374374733e-13,1.8073755665824524e-14,1.5340196201136258e-12,2.1478989431509328e-12,1.865042340907778e-14,9.48589174453062e-13,8.321821535444144e-14,8.760184535333793e-14,3.3008165079907953e-13,1.0854771394024765e-13,9.683716914514028e-13,6.674787973754852e-12,8.321821535444144e-14,3.174386146715284e-11,3.348572025757068e-11
34-h11972-01-01-00000,bc_a1_SRF,1972,2.954279806516596e-10,6.966063065961312e-13,5.757651211662475e-13,1.0301907334866309e-11,6.537492664096599e-12,3.5679150290761483e-14,9.766421720046946e-13,8.551128995324162e-14,5.908987185582296e-16,5.564138751228971e-15,8.530042543164775e-14,5.080070394741174e-13,1.19782343083351e-14,1.19782343083351e-14,6.565044572105399e-14,2.363585421901978e-15,1.7366335412853583e-16,7.672722769241222e-15,1.4759697093190413e-14,7.672722769241222e-15,8.394897493662411e-15,3.549965495195228e-16,2.606161343057522e-16,3.506771888432853e-16,1.4001851142579009e-15,1.6387044620547726e-11,7.464882350980732e-16,5.080070394741174e-13,4.003975846385651e-14,8.587459753220843e-14,9.238228179670425e-13,7.684302220512707e-13,8.843299264557077e-14,4.196733779316664e-15,1.6957525975755185e-14,1.048752427242816e-14,4.671971190781022e-13,2.3546166134723528e-14,2.9703826528864532e-12,1.3191095239614543e-12,1.6957525975755185e-14,4.240229894568235e-11,7.741164444965662e-12
34-h11970-01-01-00000,bc_a1_SRF,1970,3.1914214740770656e-11,6.431483690127251e-13,6.060549822136994e-13,7.865867355801321e-12,8.291298898504787e-12,2.539947523073078e-13,1.0120116343604688e-11,1.6724511169027273e-13,1.2735551798824108e-15,5.2630091712316225e-14,2.1934507278752363e-13,5.562591927448381e-13,1.7811329370216337e-16,1.7811329370216337e-16,1.439261221929566e-16,2.845051833040072e-18,4.257740291418988e-15,9.452055840340631e-15,1.4816843905119783e-16,9.452055840340631e-15,4.933159134505253e-15,3.0973971258320627e-16,1.4216894077526386e-15,1.2865390816244996e-15,2.0623835436529114e-16,2.957797731400113e-11,6.416439844153528e-15,5.562591927448381e-13,4.692606312860809e-13,5.640045630779914e-13,7.178884135548159e-13,7.545597901716347e-13,5.567134236910822e-13,3.2377207291776666e-14,2.9973481607009056e-14,1.9517601294119264e-14,7.71471653069858e-13,1.9762855290912165e-15,6.816894272123799e-13,1.441991749332607e-11,2.9973481607009056e-14,1.992596190122482e-11,9.591540104976748e-12
35-h11970-01-01-00000,bc_a1_SRF,1970,4.772699419823417e-11,7.094334213068e-13,1.7465249275086921e-12,1.266536225621607e-11,9.028741848441631e-12,3.6522344778899177e-13,5.2543018254957564e-12,4.2925019491181134e-13,1.207635111833905e-13,2.7530728351222317e-13,3.8040245206445447e-13,2.2177179038181733e-13,4.848157757009584e-16,4.848157757009584e-16,4.605822134486035e-15,2.453801569473626e-15,9.04121544086473e-16,1.6192774894546488e-14,6.574028053427592e-14,1.6192774894546488e-14,2.2960402645975335e-15,5.927582488454967e-15,3.2771030255186716e-16,3.5690820511484715e-16,3.3583611932695917e-16,8.007601045254505e-12,9.857283854805688e-14,2.2177179038181733e-13,1.0642017297036814e-13,1.1401211086340885e-14,1.5877582253157137e-12,1.9900231006076552e-12,6.750421747791919e-15,8.979711931819617e-14,1.5515017526482058e-14,7.773708690987551e-14,1.370400210823658e-13,7.111331014155899e-14,2.9788580305343964e-13,5.741287458472444e-12,1.5515017526482058e-14,2.1036747915103526e-11,5.836519996196879e-12
35-h11975-01-01-00000,bc_a1_SRF,1975,6.311197212724946e-10,9.417722257786985e-13,3.954801268874314e-13,1.531274067765911e-11,9.481306335318304e-12,7.663522532936456e-14,2.800104710562724e-11,1.8637487095891005e-13,7.497330759070763e-15,5.019393337626755e-13,2.321214713908873e-13,1.145207457514686e-13,4.662614916770759e-15,4.662614916770759e-15,5.180651512556519e-16,2.3086968357064276e-16,1.261042563152321e-15,1.0281058667813164e-14,5.803023213393736e-16,1.0281058667813164e-14,6.498894959912605e-15,4.4272974005245875e-16,4.673113770988178e-16,4.838795295213908e-15,5.401093041512624e-16,3.494808598148389e-11,1.3566564120929574e-14,1.145207457514686e-13,1.4620110037558074e-12,5.277539935123451e-13,1.6883202087922087e-12,1.54818604722889e-12,5.588663978289423e-13,3.5964542056120163e-13,5.728503899027669e-13,2.761943582329078e-13,2.4851718335386258e-14,2.8447483054042065e-14,1.5288638159850635e-13,7.949563668719877e-11,5.728503899027669e-13,6.897241983650602e-11,2.5018384752901234e-11
35-h11980-01-01-00000,bc_a1_SRF,1980,9.999854800120286e-11,7.275060643306445e-13,9.735424667010055e-13,1.9418815349623548e-11,1.5201808816852684e-11,3.910072180815813e-13,2.1826603199455e-12,3.7749541708819994e-13,5.849070750112343e-14,1.7721230465693006e-14,8.917104155216985e-13,6.720920468836654e-13,1.226866651595398e-15,1.226866651595398e-15,9.879555605594977e-14,1.0025530863566017e-15,4.3197140825618337e-16,1.4793751783041553e-14,1.2980544785674795e-13,1.4793751783041553e-14,1.1772317288316938e-14,7.28263740691148e-16,1.6569104622794017e-16,7.81222989726793e-15,4.488810364613249e-16,1.2592695597963753e-11,4.8563096366318746e-14,6.720920468836654e-13,1.9557264564881857e-13,3.529586666743418e-13,7.235895608061555e-13,7.056549499313064e-13,3.4160841322326896e-13,1.5727338615294186e-13,2.8401038012081893e-13,1.5821982587138775e-13,9.135549491603183e-14,1.732732467951639e-14,6.921405281537158e-13,3.595892531369892e-12,2.8401038012081893e-13,1.457734152391087e-11,3.077016444239429e-11
35-h11985-01-01-00000,bc_a1_SRF,1985,9.987918786892976e-11,1.4489786492177953e-12,3.7124387608866616e-14,3.4565079909479784e-11,1.4120572575294551e-11,3.078884027218528e-13,1.3536205460062492e-12,3.4151391021325714e-13,7.406600768636018e-14,6.232994161279788e-15,3.559964809822714e-13,8.169104219199318e-13,7.607495072291958e-16,7.607495072291958e-16,6.577091399826449e-14,2.9584591812972086e-17,4.1013762584800923e-16,2.7984952062271057e-14,6.452892828970897e-14,2.7984952062271057e-14,1.1067783355072491e-14,5.255719386647816e-17,2.9614298648083514e-18,2.0710997424297817e-16,3.1020436830030594e-16,4.485142899988402e-11,4.963110797641788e-14,8.169104219199318e-13,1.1719366860921839e-14,2.4968018194292654e-13,1.4115498580427473e-12,1.6216179738999142e-12,2.75899936220989e-13,1.2592427052621008e-14,1.0014224965238319e-13,7.518807098675039e-14,3.6888458884435905e-14,2.9542084652910336e-14,2.8563865355154355e-12,3.573329074083998e-12,1.0014224965238319e-13,8.935869099065452e-11,4.4521834863367873e-13
35-h11990-01-01-00000,bc_a1_SRF,1990,1.6922372474425493e-11,3.0164973353813877e-13,3.292338244848996e-12,1.2922667400626883e-11,1.1422879959216515e-11,2.0759257713703684e-13,1.8629464321516637e-11,1.8392532233829388e-13,7.905075082049295e-14,2.8517327641385105e-16,1.4836422975360604e-13,8.697620130865399e-15,9.071793011123682e-16,9.071793011123682e-16,2.0192835315366911e-16,8.313390372554442e-16,1.5618229993315215e-15,3.401105026729264e-14,4.1707472410429173e-17,3.401105026729264e-14,1.0060175691463186e-14,1.773811796663325e-16,2.8842286407244892e-15,3.6580336324658896e-14,3.5142198215387885e-15,2.7352493637578815e-11,9.528681797242928e-14,8.697620130865399e-15,7.734050292726473e-14,9.976707227434314e-14,1.0807123765859002e-12,1.1226237658415214e-12,1.059714997808752e-13,7.853412876117907e-14,9.795050042700017e-14,1.0318478897058613e-13,1.8052776497888037e-13,6.505481252450526e-14,2.7037640000896005e-12,1.6526991765905688e-11,9.795050042700017e-14,6.263697801283273e-11,1.323978384506649e-12
